transaction_id,date,store_id,product_id,quantity,unit_price,total
TXN-00741,2024-10-13,STR-007,PRD-021,10,3.99,39.9
TXN-00968,2024-11-12,STR-012,PRD-006,2,59.99,119.98
TXN-00435,2024-12-24,STR-011,PRD-032,2,64.99,129.98
TXN-01331,2024-12-04,STR-010,PRD-020,14,7.49,104.86
TXN-01400,2024-01-23,STR-001,PRD-039,12,27.99,335.88
TXN-00494,2024-06-17,STR-009,PRD-035,3,34.99,104.97
TXN-00450,2024-02-26,STR-008,PRD-021,15,3.99,59.85
TXN-00960,2024-03-26,STR-009,PRD-002,2,29.99,59.98,EXTRA_FIELD
TXN-00399,2024-04-17,STR-008,PRD-049,2,39.99,79.98
TXN-01313,2024-04-21,STR-012,PRD-024,2,9.49,18.98
TXN-00164,2024-08-22,STR-008,PRD-047,4,79.99,319.96
TXN-00091,2024-12-20,STR-004,PRD-028,2,189.99,379.98
TXN-01278,2024-12-25,STR-008,PRD-036,12,18.99,227.88
TXN-01059,2024-03-22,STR-008,PRD-001,1,14.99,14.99
TXN-00010,2024-06-04,STR-009,PRD-046,2,149.99,299.98
TXN-01390,2024-08-29,STR-004,PRD-051,3,129.99,389.97
TXN-00923,2024-07-26,STR-011,PRD-044,2,12.99,25.98
TXN-01426,2024-05-02,STR-011,PRD-052,3,74.99,224.97
TXN-01497,2024-02-13,STR-008,PRD-041,2,8.49,16.98
TXN-00199,2024-06-19,STR-004,PRD-017,19,14.99,284.81
TXN-01329,2024-12-09,STR-012,PRD-013,4,6.49,25.96
TXN-00446,2024-02-16,STR-012,PRD-016,18,7.99,143.82
TXN-00170,2024-11-27,STR-012,PRD-014,14,11.99,167.86
TXN-00848,2024-10-31,STR-012,PRD-016,11,7.99,87.89
TXN-00143,2024-09-18,STR-008,PRD-013,16,6.49,103.84
TXN-01452,2024-03-15,STR-004,PRD-022,16,8.99,143.84
TXN-00804,2024-12-02,STR-012,PRD-047,5,79.99,399.95
TXN-00601,2024-03-29,STR-010,PRD-045,4,49.99,199.96
TXN-00900,2024-04-22,STR-008,PRD-023,12,24.99,299.88
TXN-00079,2024-04-29,STR-004,PRD-012,1,42.99,42.99
TXN-01283,2024-11-08,STR-009,PRD-051,3,129.99,389.97
TXN-00113,2024-07-22,STR-004,PRD-015,3,4.29,12.87
TXN-01393,2024-08-30,STR-009,PRD-013,11,6.49,71.39
TXN-00319,2024-06-21,STR-003,PRD-043,2,22.99,45.98
TXN-00739,2024-03-27,STR-010,PRD-012,2,42.99,85.98
TXN-01477,2024-07-10,STR-003,PRD-037,15,12.49,187.35
TXN-00354,2024-12-28,STR-010,PRD-040,11,19.99,219.89
TXN-01409,2024-05-22,STR-011,PRD-046,2,149.99,299.98
TXN-00564,2024-02-06,STR-009,PRD-041,3,8.49,25.47
TXN-01475,2024-10-18,STR-003,PRD-036,8,18.99,151.92
TXN-00551,2024-05-21,STR-011,PRD-012,3,42.99,128.97
TXN-00607,2024-11-07,STR-009,PRD-049,4,39.99,159.96
TXN-01237,2024-02-15,STR-011,PRD-017,12,14.99,179.88
TXN-01481,2024-02-28,STR-002,PRD-002,4,29.99,119.96
TXN-01157,2024-02-21,STR-008,PRD-041,14,8.49,118.86
TXN-00825,2024-08-08,STR-010,PRD-032,1,64.99,64.99
TXN-00631,2024-02-23,STR-003,PRD-022,12,8.99,107.88
TXN-01206,2024-11-28,STR-012,PRD-015,2,4.29,8.58
TXN-01453,2024-10-04,STR-008,PRD-006,5,59.99,299.95
TXN-00553,2024-07-10,STR-007,PRD-018,16,12.49,199.84
TXN-01176,2024-01-14,STR-009,PRD-007,4,18.99,75.96
TXN-00921,2024-12-09,STR-009,PRD-001,5,14.99,74.95
TXN-01476,2024-03-01,STR-003,PRD-002,4,29.99,119.96
TXN-01318,2024-06-15,STR-011,PRD-004,1,34.99,34.99
TXN-01208,2024-12-19,STR-012,PRD-049,3,39.99,119.97
TXN-01444,2024-12-05,STR-004,PRD-047,5,79.99,399.95
TXN-00336,2024-01-15,STR-009,PRD-005,4,22.99,91.96
TXN-00811,2024-02-15,STR-003,PRD-050,4,59.99,239.96
TXN-00708,2024-05-07,STR-007,PRD-044,14,12.99,181.86
TXN-00018,2024-02-05,STR-004,PRD-046,3,149.99,449.97
TXN-00794,2024-12-26,STR-003,PRD-003,4,44.99,179.96
TXN-01115,2024-09-24,STR-008,PRD-053,2,29.99,59.98
TXN-01403,2024-01-06,STR-009,PRD-015,5,4.29,21.45
TXN-00603,2024-07-12,STR-011,PRD-004,4,34.99,139.96
TXN-00432,2024-05-09,STR-007,PRD-045,3,49.99,149.97
TXN-00776,2024-05-10,STR-001,PRD-038,1,11.99,11.99
TXN-00823,2024-12-05,STR-007,,10,12.99,129.9
TXN-00141,2024-05-09,STR-002,PRD-020,15,7.49,112.35
TXN-00001,2024-12-04,STR-003,PRD-003,3,44.99,134.97
TXN-00957,2024-09-30,STR-007,PRD-015,5,4.29,21.45
TXN-00128,2024-12-11,STR-001,PRD-003,2,44.99,89.98
TXN-00574,2024-12-25,STR-012,PRD-041,3,8.49,25.47
TXN-00926,2024-05-13,STR-004,PRD-009,2,24.99,49.98
TXN-00069,2024-12-17,STR-003,PRD-011,3,89.99,269.97
TXN-01335,2024-09-17,STR-004,PRD-049,4,39.99,159.96
TXN-00221,2024-06-05,STR-001,PRD-053,4,29.99,119.96
TXN-01126,2024-05-11,STR-005,PRD-018,10,12.49,124.9
TXN-01044,2024-11-15,STR-009,PRD-020,15,7.49,112.35
TXN-00581,2024-03-25,STR-008,PRD-045,4,49.99,199.96
TXN-00902,2024-12-10,STR-001,PRD-009,3,24.99,74.97
TXN-00658,2024-10-31,STR-002,PRD-041,8,8.49,67.92
TXN-00011,2024-01-24,STR-005,PRD-021,3,3.99,11.97
TXN-01367,2024-11-04,STR-001,PRD-011,1,89.99,89.99
TXN-01041,2024-03-28,STR-008,PRD-036,11,18.99,208.89
TXN-00842,2024-03-28,STR-003,PRD-011,1,89.99,89.99
TXN-00228,2024-07-12,STR-011,PRD-041,15,8.49,127.35
TXN-00289,2024-10-09,STR-005,PRD-041,9,8.49,76.41
TXN-01284,2024-08-02,STR-009,PRD-036,9,18.99,170.91
TXN-00895,2024-01-22,STR-004,PRD-023,20,24.99,499.8
TXN-00237,2024-01-24,STR-001,PRD-022,16,8.99,143.84
TXN-00013,2024-07-11,STR-004,PRD-029,2,549.99,1099.98
TXN-00967,2024-09-27,STR-007,PRD-013,11,6.49,71.39
TXN-01251,2024-03-31,STR-002,PRD-022,20,8.99,179.8
TXN-00860,2024-12-21,STR-010,PRD-024,12,9.49,113.88
TXN-00835,2024-08-29,STR-007,PRD-019,15,5.99,89.85
TXN-00881,2024-10-09,STR-007,,13,18.99,246.87
TXN-00679,2024-07-26,STR-002,PRD-048,5,99.99,499.95
TXN-00743,2024-03-21,STR-002,PRD-027,1,129.99,129.99
TXN-00808,2024-04-04,STR-002,PRD-041,6,8.49,50.94
TXN-00734,2024-11-01,STR-005,PRD-012,15,42.99,644.85
TXN-00282,2024-05-23,STR-010,PRD-036,8,18.99,151.92
TXN-00946,2024-04-04,STR-012,PRD-045,2,49.99,99.98
TXN-00861,2024-04-26,STR-010,PRD-023,18,24.99,449.82
TXN-00789,2024-01-04,STR-011,PRD-030,2,39.99,79.98
TXN-00798,2024-12-21,STR-009,PRD-041,5,8.49,42.45
TXN-01325,2024-12-29,STR-010,PRD-024,8,9.49,75.92
TXN-00008,2024-07-09,STR-009,PRD-049,3,39.99,119.97
TXN-00307,2024-05-31,STR-002,PRD-052,1,74.99,74.99
TXN-00916,2024-02-07,STR-009,PRD-041,2,8.49,16.98
TXN-01026,2024-04-21,STR-009,PRD-030,2,39.99,79.98
TXN-01422,2024-02-28,STR-004,PRD-041,3,8.49,25.47
TXN-01053,2024-06-20,STR-011,PRD-039,14,27.99,391.86
TXN-00315,2024-02-19,STR-012,PRD-033,2,34.99,69.98
TXN-00360,2024-08-19,STR-009,PRD-037,15,12.49,187.35
TXN-00913,2024-08-02,STR-009,PRD-038,11,11.99,131.89
TXN-00328,2024-08-26,STR-005,PRD-044,4,12.99,51.96
TXN-00468,2024-07-10,STR-002,PRD-045,1,49.99,49.99
TXN-01469,2024-04-05,STR-003,PRD-048,2,99.99,199.98
TXN-00181,2024-06-18,STR-003,PRD-012,11,42.99,472.89
TXN-01438,2024-08-30,STR-008,PRD-012,1,42.99,42.99
TXN-00264,2024-04-30,STR-009,PRD-023,15,24.99,374.85
TXN-00150,2024-10-08,STR-009,PRD-036,12,18.99,227.88
TXN-00247,2024-03-06,STR-012,PRD-015,3,4.29,12.87
TXN-01024,2024-05-16,STR-004,PRD-044,5,12.99,64.95
TXN-01050,2024-02-14,STR-009,PRD-022,8,8.99,71.92
TXN-01384,2024-02-07,STR-006,PRD-037,10,12.49,124.9
TXN-01235,2024-03-28,STR-012,PRD-049,4,39.99,159.96
TXN-00335,2024-02-17,STR-005,PRD-038,15,11.99,179.85
TXN-00416,2024-09-26,,PRD-041,1,8.49,8.49
TXN-00669,2024-07-14,STR-004,PRD-021,19,3.99,75.81
TXN-00345,2024-09-20,STR-011,PRD-002,5,29.99,149.95
TXN-00592,2024-04-05,STR-009,PRD-012,17,42.99,730.83
TXN-01282,2024-07-09,STR-003,PRD-021,1,3.99,3.99
TXN-01334,2024-02-01,STR-007,PRD-019,6,5.99,35.94
TXN-00269,2024-10-24,STR-012,PRD-023,4,24.99,99.96
TXN-01000,2024-07-03,STR-009,PRD-020,8,7.49,59.92
TXN-00347,2024-05-07,STR-012,PRD-036,3,18.99,56.97
TXN-00529,2024-01-04,STR-004,PRD-008,4,9.99,39.96
TXN-00467,2024-11-12,STR-002,PRD-043,8,22.99,183.92
TXN-01478,2024-10-03,,PRD-013,10,6.49,64.9
TXN-01294,2024-10-31,STR-009,PRD-003,1,44.99,44.99
TXN-01078,2024-01-17,STR-004,PRD-038,12,11.99,143.88
TXN-00412,2024-04-12,STR-009,PRD-044,5,12.99,64.95
TXN-00314,2024-06-27,STR-002,PRD-051,3,129.99,389.97
TXN-00344,2024-12-04,STR-010,PRD-006,1,59.99,59.99
TXN-00478,2024-03-12,STR-009,PRD-030,2,39.99,79.98
TXN-00920,2024-07-25,STR-011,PRD-022,5,8.99,44.95
TXN-00278,2024-12-02,STR-001,PRD-008,5,9.99,49.95
TXN-00470,2024-03-27,STR-008,PRD-043,8,22.99,183.92
TXN-00281,2024-03-22,STR-004,PRD-050,1,59.99,59.99
TXN-00026,2024-01-05,STR-003,PRD-044,13,12.99,168.87
TXN-01101,2024-08-05,STR-008,PRD-009,1,24.99,24.99
TXN-00024,2024-08-12,STR-002,PRD-033,2,34.99,69.98
TXN-00406,2024-06-12,STR-011,PRD-002,1,29.99,29.99
TXN-01049,2024-10-04,STR-002,PRD-008,3,9.99,29.97
TXN-00429,2024-06-20,STR-011,PRD-043,7,22.99,160.93
TXN-01209,2024-02-15,STR-002,PRD-009,4,24.99,99.96
TXN-01446,2024-08-23,STR-002,PRD-042,7,14.99,104.93
TXN-00873,2024-12-13,STR-008,PRD-041,15,8.49,127.35
TXN-01012,2024-05-22,STR-004,PRD-014,16,11.99,191.84
TXN-01150,2024-10-11,STR-004,PRD-015,18,4.29,77.22
TXN-00616,2024-07-14,STR-010,PRD-041,6,8.49,50.94
TXN-01292,2024-04-08,STR-010,PRD-049,1,39.99,39.99
TXN-00781,2024-12-31,STR-002,PRD-021,1,3.99,3.99
TXN-01082,2024-06-06,STR-004,PRD-027,1,129.99,129.99
TXN-00777,2024-04-15,STR-007,PRD-029,2,549.99,1099.98
TXN-00103,2024-04-12,STR-009,PRD-041,7,8.49,59.43
TXN-00083,2024-08-30,STR-009,PRD-022,8,8.99,71.92
TXN-00239,2024-12-20,STR-011,PRD-036,10,18.99,189.9
TXN-00257,2024-12-06,STR-001,PRD-006,4,59.99,239.96
TXN-01467,2024-07-10,STR-009,PRD-051,0,129.99,0.0
TXN-00382,2024-02-14,STR-002,PRD-022,13,8.99,116.87
TXN-00886,2024-12-24,STR-012,PRD-016,18,7.99,143.82
TXN-00258,2024-08-13,STR-003,PRD-041,12,8.49,101.88
TXN-00630,2024-09-10,STR-002,PRD-016,13,7.99,103.87
TXN-00681,2024-06-14,STR-009,PRD-023,11,24.99,274.89
TXN-00397,2024-12-28,STR-009,PRD-022,15,8.99,134.85
TXN-00709,2024-01-30,STR-005,PRD-046,4,149.99,599.96
TXN-00496,2024-06-07,STR-004,PRD-039,15,27.99,419.85
TXN-00938,2024-04-12,STR-007,PRD-051,1,129.99,129.99
TXN-00838,2024-01-24,STR-001,PRD-011,2,89.99,179.98
TXN-00566,2024-07-18,STR-002,PRD-037,10,12.49,124.9
TXN-00667,2024-07-31,STR-002,PRD-039,14,27.99,391.86
TXN-00351,2024-07-08,STR-002,PRD-024,8,9.49,75.92
TXN-01461,2024-12-30,STR-006,PRD-003,1,44.99,44.99
TXN-00134,2024-04-15,STR-002,PRD-048,2,99.99,199.98
TXN-01372,2024-10-03,STR-010,PRD-035,4,34.99,139.96
TXN-00683,2024-11-05,STR-003,PRD-012,4,42.99,171.96
TXN-00148,2024-01-09,STR-002,PRD-022,8,8.99,71.92
TXN-00240,2024-03-21,STR-009,PRD-053,1,29.99,29.99
TXN-00757,2024-03-28,STR-004,,5,11.99,59.95
TXN-01221,2024-09-20,STR-011,PRD-013,20,6.49,129.8
TXN-01090,2024-10-22,STR-009,PRD-037,12,12.49,149.88
TXN-01491,2024-02-21,STR-004,PRD-041,14,8.49,118.86
TXN-01124,2024-10-29,STR-004,PRD-008,1,9.99,9.99
TXN-00746,2024-06-12,STR-009,PRD-039,8,27.99,223.92
TXN-00801,2024-06-26,STR-002,PRD-015,12,4.29,51.48
TXN-00425,2024-11-25,STR-009,,8,42.99,343.92
TXN-01143,2024-08-07,STR-010,PRD-028,2,189.99,379.98
TXN-00740,2024-04-18,STR-004,PRD-035,12,34.99,419.88
TXN-01431,2024-08-29,STR-004,PRD-050,2,59.99,119.98
TXN-00641,2024-09-20,STR-002,PRD-043,15,22.99,344.85
TXN-00365,2024-08-13,STR-004,PRD-037,6,12.49,74.94
TXN-01104,2024-10-29,STR-009,PRD-053,4,29.99,119.96
TXN-00542,2024-02-14,STR-007,PRD-018,3,12.49,37.47
TXN-00950,2024-03-26,STR-010,PRD-046,5,149.99,749.95
TXN-00224,2024-04-10,STR-007,PRD-053,2,29.99,59.98
TXN-00779,2024-11-11,STR-010,PRD-013,16,6.49,103.84
TXN-00340,2024-03-13,STR-011,,10,12.49,124.9
TXN-01290,2024-11-15,STR-010,PRD-050,2,59.99,119.98
TXN-01428,2024-10-08,STR-012,PRD-037,8,12.49,99.92
TXN-00637,2024-03-14,STR-006,PRD-020,3,7.49,22.47
TXN-00254,2024-02-02,STR-011,PRD-037,13,12.49,162.37
TXN-00666,2024-01-28,STR-004,PRD-016,17,7.99,135.83
TXN-00814,2024-10-08,STR-004,PRD-002,1,29.99,29.99
TXN-00710,2024-04-01,STR-004,PRD-017,19,14.99,284.81
TXN-01212,2024-01-18,STR-002,PRD-022,11,8.99,98.89
TXN-00100,2024-11-24,STR-008,PRD-008,2,9.99,19.98
TXN-00531,2024-01-23,STR-005,PRD-015,19,4.29,81.51
TXN-00440,2024-11-06,STR-006,PRD-017,2,14.99,29.98
TXN-00420,2024-09-26,STR-011,PRD-041,12,8.49,101.88
TXN-00385,2024-08-26,STR-010,PRD-042,6,14.99,89.94
TXN-01456,2024-03-13,STR-004,PRD-013,13,6.49,84.37
TXN-00795,2024-05-16,STR-009,PRD-035,7,34.99,244.93
TXN-01314,2024-03-01,STR-002,PRD-013,15,6.49,97.35
TXN-00711,2024-07-09,STR-012,PRD-003,3,44.99,134.97
TXN-01455,2024-08-07,STR-004,PRD-045,4,49.99,199.96
TXN-01262,2024-03-30,STR-007,PRD-024,20,9.49,189.8
TXN-01081,2024-10-17,STR-011,PRD-010,3,8.49,25.47
TXN-01100,2024-09-19,STR-012,PRD-012,20,42.99,859.8
TXN-00656,2024-05-22,STR-003,PRD-003,3,44.99,134.97
TXN-01288,2024-01-09,STR-004,PRD-041,11,8.49,93.39
TXN-00118,2024-10-16,STR-005,PRD-041,4,8.49,33.96
TXN-00556,2024-06-23,STR-010,PRD-023,14,24.99,349.86
TXN-00130,2024-02-29,STR-012,PRD-015,15,4.29,64.35
TXN-00459,2024-05-21,STR-008,PRD-022,19,8.99,170.81
TXN-01110,2024-10-02,STR-003,PRD-008,2,9.99,19.98
TXN-00034,2024-02-06,STR-011,PRD-010,2,8.49,16.98
TXN-01085,2024-05-08,STR-001,PRD-004,5,34.99,174.95
TXN-00242,2024-04-24,STR-010,PRD-037,4,12.49,49.96
TXN-00826,2024-09-08,STR-004,PRD-015,1,4.29,4.29
TXN-00737,2024-03-26,STR-002,PRD-044,15,12.99,194.85
TXN-00122,2024-12-17,STR-001,PRD-008,4,9.99,39.96
TXN-01451,2024-08-12,STR-009,PRD-011,5,89.99,449.95
TXN-01317,2024-08-18,STR-001,PRD-021,15,3.99,59.85
TXN-01207,2024-01-29,STR-009,PRD-004,2,34.99,69.98
TXN-00231,2024-04-29,STR-009,PRD-045,3,49.99,149.97
TXN-00903,2024-12-05,STR-006,PRD-004,3,34.99,104.97
TXN-00145,2024-05-25,STR-012,PRD-001,5,14.99,74.95
TXN-00080,2024-05-04,STR-004,PRD-013,-2,6.49,-12.98
TXN-00998,2024-08-02,STR-012,,17,4.29,72.93
TXN-00375,2024-09-17,STR-004,PRD-010,2,8.49,16.98
TXN-01035,2024-06-26,STR-007,PRD-027,2,129.99,259.98
TXN-00985,2024-09-12,STR-007,PRD-022,19,8.99,170.81
TXN-00452,2024-09-24,STR-010,PRD-020,7,7.49,52.43
TXN-00035,2024-10-17,STR-004,PRD-019,17,5.99,101.83
TXN-00555,2024-07-29,STR-008,PRD-050,4,59.99,239.96
TXN-00622,2024-08-30,STR-001,PRD-010,2,8.49,16.98
TXN-00002,2024-03-14,STR-003,PRD-044,2,12.99,25.98
TXN-00872,2024-04-03,STR-012,PRD-013,5,6.49,32.45
TXN-00094,2024-06-21,STR-009,PRD-022,18,8.99,161.82
TXN-01465,2024-05-16,STR-004,PRD-047,1,79.99,79.99
TXN-01267,2024-07-22,STR-002,PRD-024,7,9.49,66.43
TXN-01355,2024-12-19,STR-011,PRD-038,11,11.99,131.89
TXN-00362,2024-10-02,STR-007,PRD-008,4,9.99,39.96
TXN-00700,2024-05-09,STR-007,PRD-041,7,8.49,59.43
TXN-01437,2024-01-12,STR-009,PRD-041,13,8.49,110.37
TXN-00582,2024-05-02,STR-009,PRD-051,2,129.99,259.98
TXN-00599,2024-09-16,,PRD-008,5,9.99,49.95
TXN-00352,2024-11-28,STR-003,PRD-047,3,79.99,239.97
TXN-00151,2024-07-04,STR-010,PRD-020,10,7.49,74.9
TXN-00374,2024-05-17,STR-010,PRD-015,20,4.29,85.8
TXN-00864,2024-12-02,STR-007,PRD-044,9,12.99,116.91
TXN-00654,2024-01-05,STR-004,PRD-041,6,8.49,50.94
TXN-00462,2024-12-30,STR-011,PRD-022,4,8.99,35.96
TXN-00285,2024-12-19,STR-008,PRD-004,2,34.99,69.98
TXN-00733,2024-10-16,STR-009,PRD-008,4,9.99,39.96
TXN-00558,2024-04-16,STR-011,PRD-022,6,8.99,53.94
TXN-00839,2024-08-20,STR-007,PRD-008,3,9.99,29.97
TXN-01369,2024-02-12,STR-001,PRD-001,2,14.99,29.98
TXN-00286,2024-11-13,STR-002,PRD-001,2,14.99,29.98
TXN-00062,2024-04-17,STR-008,PRD-017,9,14.99,134.91
TXN-01279,2024-07-01,STR-002,PRD-047,1,79.99,79.99
TXN-01163,2024-07-23,STR-001,PRD-045,3,49.99,149.97
TXN-00293,2024-12-05,STR-009,PRD-021,4,3.99,15.96
TXN-00316,2024-12-13,STR-004,PRD-023,3,24.99,74.97
TXN-00312,2024-05-10,STR-010,PRD-037,9,12.49,112.41
TXN-01474,2024-04-09,STR-012,PRD-050,5,59.99,299.95
TXN-00662,2024-09-06,STR-009,PRD-033,1,34.99,34.99
TXN-01439,2024-10-16,STR-011,PRD-023,10,24.99,249.9
TXN-00234,2024-07-15,STR-003,PRD-016,16,7.99,127.84,EXTRA_FIELD
TXN-00532,2024-01-24,STR-002,PRD-020,18,7.49,134.82
TXN-01011,2024-09-09,STR-008,PRD-025,1,349.99,349.99
TXN-00908,2024-04-21,STR-004,PRD-036,14,18.99,265.86
TXN-01015,2024-02-10,STR-011,PRD-050,1,59.99,59.99
TXN-00941,2024-10-18,STR-007,PRD-044,15,12.99,194.85
TXN-01450,2024-08-22,STR-009,PRD-037,5,12.49,62.45
TXN-00990,2024-11-13,STR-010,PRD-008,1,9.99,9.99
TXN-01240,2024-01-12,STR-011,PRD-041,3,8.49,25.47
TXN-01136,2024-04-26,STR-010,PRD-021,13,3.99,51.87
TXN-01404,2024-05-06,STR-002,PRD-002,4,29.99,119.96
TXN-00718,2024-03-15,STR-003,PRD-043,14,22.99,321.86
TXN-01489,2024-11-01,STR-001,PRD-043,4,22.99,91.96
TXN-01183,2024-08-01,STR-001,PRD-049,4,39.99,159.96
TXN-00226,2024-03-10,STR-002,PRD-022,11,8.99,98.89
TXN-00554,2024-04-12,STR-010,PRD-009,2,24.99,49.98
TXN-00256,2024-11-21,STR-001,PRD-053,5,29.99,149.95
TXN-00522,2024-10-10,STR-007,PRD-002,5,29.99,149.95
TXN-00970,2024-09-24,STR-009,PRD-012,20,42.99,859.8
TXN-00203,2024-02-22,STR-010,PRD-008,5,9.99,49.95
TXN-01339,2024-08-23,STR-001,PRD-041,3,8.49,25.47
TXN-00287,2024-04-22,STR-003,PRD-018,10,12.49,124.9
TXN-00633,2024-10-24,STR-001,PRD-049,2,39.99,79.98
TXN-00419,2024-07-26,STR-008,PRD-048,3,99.99,299.97
TXN-00947,2024-09-12,STR-009,PRD-004,2,34.99,69.98
TXN-00695,2024-08-22,STR-003,PRD-008,3,9.99,29.97
TXN-00040,2024-11-07,STR-005,PRD-001,1,14.99,14.99
TXN-00418,2024-09-30,STR-003,PRD-023,20,24.99,499.8
TXN-01116,2024-11-13,STR-010,PRD-025,2,349.99,699.98
TXN-01411,2024-12-23,STR-009,PRD-005,1,22.99,22.99
TXN-00067,2024-03-24,STR-010,PRD-044,12,12.99,155.88
TXN-01215,2024-05-24,STR-008,PRD-043,7,22.99,160.93
TXN-00927,2024-10-28,STR-002,PRD-044,8,12.99,103.92
TXN-01042,2024-08-01,STR-002,PRD-007,2,18.99,37.98
TXN-01008,2024-05-01,STR-008,PRD-035,6,34.99,209.94
TXN-00878,2024-06-03,STR-009,PRD-011,2,89.99,179.98
TXN-01412,2024-09-03,STR-001,PRD-028,2,189.99,379.98
TXN-00421,2024-09-09,STR-001,PRD-029,2,549.99,1099.98
TXN-00051,2024-09-13,STR-011,PRD-015,13,4.29,55.77
TXN-00355,2024-03-12,STR-002,PRD-038,1,11.99,11.99
TXN-01149,2024-02-28,,PRD-038,8,11.99,95.92
TXN-01146,2024-05-02,STR-004,PRD-030,1,39.99,39.99
TXN-01379,2024-03-19,STR-011,PRD-041,3,8.49,25.47
TXN-00713,2024-09-17,STR-011,PRD-022,6,8.99,53.94
TXN-00917,2024-12-30,STR-008,PRD-049,1,39.99,39.99
TXN-01010,2024-12-23,STR-008,PRD-007,5,18.99,94.95
TXN-01072,2024-01-08,STR-011,PRD-015,11,4.29,47.19
TXN-00384,2024-10-31,STR-002,PRD-010,3,8.49,25.47
TXN-00952,2024-04-02,STR-009,PRD-053,4,29.99,119.96
TXN-01151,2024-05-16,STR-012,PRD-040,10,19.99,199.9
TXN-00357,2024-09-30,STR-009,PRD-044,8,12.99,103.92
TXN-00772,2024-08-02,STR-011,PRD-042,14,14.99,209.86
TXN-00390,2024-10-18,STR-007,PRD-010,3,8.49,25.47
TXN-00154,2024-05-26,STR-012,PRD-043,10,22.99,229.9
TXN-00180,2024-09-17,STR-002,PRD-039,6,27.99,167.94
TXN-01223,2024-04-18,STR-009,PRD-035,1,34.99,34.99
TXN-00706,2024-01-16,STR-007,PRD-005,4,22.99,91.96
TXN-00936,2024-06-10,STR-011,PRD-044,2,12.99,25.98
TXN-01046,2024-04-06,STR-001,PRD-010,2,8.49,16.98
TXN-00550,2024-03-29,STR-009,PRD-013,5,6.49,32.45
TXN-01140,2024-09-16,STR-009,PRD-053,5,29.99,149.95
TXN-00620,2024-11-01,STR-003,PRD-045,4,49.99,199.96
TXN-00778,2024-12-03,STR-003,PRD-003,2,44.99,89.98
TXN-00934,2024-12-05,STR-010,PRD-020,12,7.49,89.88
TXN-00986,2024-07-30,STR-003,PRD-053,1,29.99,29.99
TXN-00003,2024-01-17,STR-001,PRD-008,2,9.99,19.98
TXN-01490,2024-05-29,STR-004,PRD-044,1,12.99,12.99
TXN-01144,2024-07-01,STR-001,PRD-022,6,8.99,53.94
TXN-01051,2024-05-29,STR-010,PRD-051,2,129.99,259.98
TXN-01004,2024-10-11,STR-012,PRD-018,15,12.49,187.35
TXN-01311,2024-11-11,STR-004,PRD-041,13,8.49,110.37
TXN-00025,2024-09-04,STR-011,PRD-018,18,12.49,224.82
TXN-00064,2024-02-07,STR-001,PRD-038,10,11.99,119.9
TXN-00182,2024-09-19,STR-007,PRD-035,14,34.99,489.86
TXN-00722,2024-10-24,STR-009,PRD-016,19,7.99,151.81
TXN-00705,2024-05-22,STR-004,PRD-003,3,44.99,134.97
TXN-00376,2024-08-27,STR-004,PRD-037,2,12.49,24.98
TXN-00982,2024-10-10,STR-010,PRD-045,3,49.99,149.97
TXN-00031,2024-10-11,STR-011,PRD-001,5,14.99,74.95
TXN-01268,2024-11-08,STR-010,PRD-036,10,18.99,189.9
TXN-00545,2024-07-09,STR-007,PRD-008,2,9.99,19.98
TXN-01310,2024-10-07,STR-001,PRD-024,3,9.49,28.47
TXN-00454,2024-04-08,STR-001,PRD-023,10,24.99,249.9
TXN-01131,2024-08-17,STR-009,PRD-010,2,8.49,16.98
TXN-01471,2024-11-03,STR-009,PRD-012,1,42.99,42.99
TXN-01458,2024-10-23,STR-010,PRD-016,1,7.99,7.99
TXN-00304,2024-02-05,STR-011,PRD-037,11,12.49,137.39
TXN-00819,2024-03-11,STR-008,PRD-041,6,8.49,50.94
TXN-00665,2024-10-29,STR-009,PRD-010,5,8.49,42.45
TXN-00012,2024-02-22,STR-009,PRD-020,15,7.49,112.35
TXN-01248,2024-03-19,STR-004,PRD-020,4,7.49,29.96,EXTRA_FIELD
TXN-00326,2024-11-27,STR-004,PRD-037,1,12.49,12.49
TXN-01494,2024-09-30,STR-005,PRD-035,2,34.99,69.98
TXN-00392,2024-11-04,STR-004,PRD-013,20,6.49,129.8
TXN-00160,2024-05-13,STR-011,PRD-009,1,24.99,24.99
TXN-00283,2024-08-07,STR-007,PRD-015,17,4.29,72.93
TXN-00816,2024-07-22,STR-011,PRD-047,3,79.99,239.97
TXN-01220,2024-03-08,STR-012,PRD-041,9,8.49,76.41
TXN-00110,2024-05-27,STR-011,PRD-041,11,8.49,93.39
TXN-00964,2024-12-17,STR-007,PRD-008,2,9.99,19.98
TXN-00277,2024-03-15,STR-012,PRD-053,4,29.99,119.96
TXN-01171,2024-10-09,STR-003,PRD-013,11,6.49,71.39
TXN-01413,2024-10-23,STR-002,PRD-045,2,49.99,99.98
TXN-00379,2024-09-26,STR-005,PRD-010,2,8.49,16.98
TXN-00579,2024-01-24,STR-003,PRD-002,3,29.99,89.97
TXN-00372,2024-06-14,,PRD-018,4,12.49,49.96
TXN-01423,2024-10-02,STR-001,PRD-022,14,8.99,125.86
TXN-00527,2024-04-29,STR-008,PRD-007,1,18.99,18.99
TXN-01121,2024-10-01,STR-003,PRD-022,1,8.99,8.99
TXN-00748,2024-07-15,STR-009,PRD-029,1,549.99,549.99
TXN-00458,2024-01-03,STR-007,PRD-033,1,34.99,34.99
TXN-01066,2024-11-20,STR-007,PRD-021,18,3.99,71.82
TXN-00467,2024-11-29,STR-005,PRD-006,2,59.99,119.98
TXN-00782,2024-03-26,STR-012,PRD-015,8,4.29,34.32
TXN-00208,2024-09-16,STR-011,PRD-004,5,34.99,174.95
TXN-01039,2024-09-26,STR-011,PRD-037,15,12.49,187.35
TXN-00401,2024-09-30,STR-012,PRD-009,3,24.99,74.97
TXN-01043,2024-06-14,STR-008,PRD-053,3,29.99,89.97
TXN-00897,2024-07-08,STR-002,PRD-023,17,24.99,424.83
TXN-00759,2024-05-16,STR-008,PRD-006,1,59.99,59.99
TXN-00334,2024-05-23,STR-010,PRD-042,3,14.99,44.97
TXN-00317,2024-03-14,STR-009,PRD-022,13,8.99,116.87
TXN-00919,2024-09-07,STR-004,PRD-044,4,12.99,51.96
TXN-00320,2024-08-12,STR-011,PRD-027,1,129.99,129.99
TXN-01385,2024-08-09,STR-004,PRD-023,8,24.99,199.92
TXN-00627,2024-02-20,STR-001,PRD-015,16,4.29,68.64
TXN-00330,2024-05-29,STR-009,PRD-041,9,8.49,76.41
TXN-00229,2024-03-27,STR-007,PRD-040,13,19.99,259.87
TXN-01256,2024-09-03,STR-012,PRD-011,1,89.99,89.99
TXN-00608,2024-03-14,STR-004,PRD-015,2,4.29,8.58
TXN-01217,2024-11-28,STR-011,PRD-008,4,9.99,39.96
TXN-01435,2024-01-18,STR-008,PRD-024,5,9.49,47.45
TXN-00943,2024-11-07,STR-007,PRD-011,4,89.99,359.96
TXN-00144,2024-05-16,STR-008,PRD-020,20,7.49,149.8
TXN-01045,2024-07-10,STR-012,PRD-043,8,22.99,183.92
TXN-00880,2024-11-05,STR-012,PRD-036,11,18.99,208.89
TXN-00177,2024-10-31,STR-012,PRD-002,3,29.99,89.97
TXN-00729,2024-12-20,STR-008,PRD-037,1,12.49,12.49
TXN-00381,2024-07-14,STR-010,PRD-044,3,12.99,38.97
TXN-01086,2024-09-09,STR-004,PRD-030,1,39.99,39.99
TXN-00156,2024-06-08,STR-001,PRD-044,3,12.99,38.97
TXN-00284,2024-08-15,STR-003,PRD-021,19,3.99,75.81
TXN-01174,2024-04-09,STR-003,PRD-011,0,89.99,0.0
TXN-00543,2024-03-21,STR-009,PRD-051,2,129.99,259.98
TXN-00455,2024-04-11,STR-004,PRD-049,4,39.99,159.96
TXN-01125,2024-03-22,STR-003,PRD-019,12,5.99,71.88
TXN-00648,2024-02-13,STR-008,PRD-007,5,18.99,94.95
TXN-00918,2024-08-20,STR-009,PRD-035,14,34.99,489.86
TXN-00596,2024-08-27,STR-002,PRD-026,1,279.99,279.99
TXN-00945,2024-11-21,STR-004,PRD-042,3,14.99,44.97
TXN-00557,2024-12-11,STR-003,PRD-022,11,8.99,98.89
TXN-01307,2024-05-28,STR-007,PRD-018,1,12.49,12.49
TXN-00891,2024-12-27,STR-002,PRD-013,6,6.49,38.94
TXN-00623,2024-01-01,STR-010,PRD-015,5,4.29,21.45
TXN-00487,2024-01-23,STR-009,PRD-037,4,12.49,49.96
TXN-01117,2024-06-20,STR-009,PRD-035,13,34.99,454.87
TXN-00339,2024-03-13,STR-001,PRD-021,16,3.99,63.84
TXN-01285,2024-04-01,STR-011,PRD-011,2,89.99,179.98
TXN-00389,2024-10-01,STR-007,PRD-007,3,18.99,56.97
TXN-00202,2024-01-19,STR-003,PRD-041,10,8.49,84.9
TXN-00032,2024-01-10,STR-003,PRD-027,2,129.99,259.98
TXN-00223,2024-05-30,STR-005,PRD-049,3,39.99,119.97
TXN-00085,2024-02-06,STR-007,PRD-024,17,9.49,161.33
TXN-00396,2024-09-20,STR-011,PRD-021,10,3.99,39.9
TXN-01162,2024-05-03,STR-011,PRD-020,2,7.49,14.98
TXN-00162,2024-10-24,STR-008,PRD-008,2,9.99,19.98
TXN-00977,2024-05-02,STR-002,PRD-021,20,3.99,79.8
TXN-00510,2024-01-09,STR-007,PRD-044,15,12.99,194.85
TXN-00036,2024-08-12,STR-004,PRD-044,13,12.99,168.87
TXN-00852,2024-09-05,STR-011,PRD-013,3,6.49,19.47
TXN-01137,2024-06-26,STR-002,PRD-040,10,19.99,199.9
TXN-01344,2024-12-31,STR-011,PRD-010,5,8.49,42.45
TXN-00686,2024-03-04,STR-002,PRD-012,10,42.99,429.9
TXN-00395,2024-04-21,STR-012,PRD-036,10,18.99,189.9
TXN-01375,2024-01-02,STR-012,PRD-017,7,14.99,104.93
TXN-01300,2024-06-13,STR-002,PRD-024,18,9.49,170.82
TXN-00016,2024-12-04,STR-012,PRD-015,11,4.29,47.19
TXN-00186,2024-10-01,STR-009,PRD-050,4,59.99,239.96
TXN-01218,2024-11-15,STR-007,PRD-036,10,18.99,189.9
TXN-01495,2024-06-14,STR-003,PRD-039,2,27.99,55.98
TXN-00966,2024-11-14,STR-004,PRD-047,2,79.99,159.98
TXN-01253,2024-02-26,STR-009,PRD-005,1,22.99,22.99
TXN-01340,2024-01-01,STR-001,PRD-034,2,19.99,39.98
TXN-00597,2024-04-12,STR-009,PRD-045,5,49.99,249.95
TXN-00210,2024-02-21,STR-003,PRD-037,3,12.49,37.47
TXN-00471,2024-04-18,STR-012,PRD-041,2,8.49,16.98
TXN-00212,2024-07-17,STR-010,PRD-012,8,42.99,343.92
TXN-00220,2024-02-26,STR-006,PRD-032,2,64.99,129.98
TXN-01249,2024-09-29,STR-003,PRD-015,18,4.29,77.22
TXN-00071,2024-04-21,STR-008,PRD-015,9,4.29,38.61
TXN-01255,2024-06-13,STR-008,PRD-014,18,11.99,215.82
TXN-01112,2024-11-27,STR-004,PRD-045,5,49.99,249.95
TXN-01498,2024-08-29,STR-008,PRD-037,4,12.49,49.96
TXN-01358,2024-05-08,STR-003,PRD-002,2,29.99,59.98
TXN-00647,2024-12-05,STR-011,PRD-044,10,12.99,129.9
TXN-00386,2024-10-18,STR-012,PRD-013,5,6.49,32.45
TXN-00078,2024-01-22,STR-009,PRD-015,8,4.29,34.32
TXN-00904,2024-02-29,STR-009,PRD-018,18,12.49,224.82
TXN-01427,2024-07-01,STR-008,PRD-041,10,8.49,84.9
TXN-00323,2024-02-22,STR-011,PRD-044,14,12.99,181.86
TXN-00876,2024-09-27,STR-008,PRD-044,14,12.99,181.86
TXN-01032,2024-09-13,STR-008,PRD-018,18,12.49,224.82
TXN-00387,2024-01-30,STR-003,PRD-042,3,14.99,44.97
TXN-01440,2024-06-02,STR-012,PRD-012,19,42.99,816.81
TXN-01499,2024-06-03,STR-010,PRD-014,3,11.99,35.97
TXN-00137,2024-01-06,STR-009,PRD-041,2,8.49,16.98
TXN-01381,2024-08-18,STR-007,PRD-023,20,24.99,499.8
TXN-00088,2024-06-14,STR-010,PRD-049,5,39.99,199.95
TXN-00259,2024-02-08,STR-002,PRD-023,20,24.99,499.8
TXN-00147,2024-05-07,STR-011,PRD-052,4,74.99,299.96
TXN-01492,2024-07-12,STR-012,PRD-013,15,6.49,97.35
TXN-01330,2024-05-14,STR-007,PRD-039,11,27.99,307.89
TXN-00714,2024-02-16,STR-002,PRD-016,20,7.99,159.8
TXN-01258,2024-09-03,STR-011,PRD-016,8,7.99,63.92
TXN-00513,2024-12-28,STR-008,PRD-018,16,12.49,199.84
TXN-00004,2024-11-14,STR-001,PRD-045,2,49.99,99.98
TXN-00624,2024-06-07,STR-004,PRD-020,3,7.49,22.47
TXN-01226,2024-06-20,STR-001,PRD-009,3,24.99,74.97
TXN-00576,2024-02-14,STR-003,PRD-012,12,42.99,515.88
TXN-01345,2024-07-09,STR-008,PRD-022,13,8.99,116.87
TXN-00586,2024-10-10,STR-004,PRD-028,2,189.99,379.98
TXN-00673,2024-07-02,STR-001,PRD-023,1,24.99,24.99
TXN-01368,2024-11-30,STR-009,PRD-012,1,42.99,42.99
TXN-00142,2024-09-03,STR-012,PRD-049,4,39.99,159.96
TXN-00343,2024-05-06,STR-008,PRD-010,1,8.49,8.49
TXN-01080,2024-06-13,STR-008,PRD-012,2,42.99,85.98
TXN-01320,2024-05-23,STR-008,PRD-020,9,7.49,67.41
TXN-01068,2024-02-28,STR-010,PRD-050,4,59.99,239.96
TXN-00871,2024-10-20,STR-010,PRD-047,4,79.99,319.96
TXN-01148,2024-03-19,STR-007,PRD-002,3,29.99,89.97
TXN-00910,2024-03-21,STR-001,PRD-038,12,11.99,143.88
TXN-00300,2024-03-18,STR-007,PRD-014,6,11.99,71.94
TXN-01158,2024-02-15,STR-004,PRD-014,17,11.99,203.83
TXN-00371,2024-02-09,STR-012,PRD-011,5,89.99,449.95
TXN-00211,2024-01-16,STR-001,PRD-023,2,24.99,49.98
TXN-00121,2024-11-26,STR-011,PRD-003,4,44.99,179.96
TXN-01203,2024-01-03,STR-011,PRD-017,7,14.99,104.93
TXN-00108,2024-09-24,STR-010,PRD-044,8,12.99,103.92
TXN-00587,2024-02-29,STR-007,PRD-041,9,8.49,76.41
TXN-00981,2024-03-21,STR-010,PRD-053,5,29.99,149.95
TXN-00105,2024-10-01,STR-010,PRD-005,5,22.99,114.95
TXN-00691,2024-03-14,STR-003,PRD-002,1,29.99,29.99
TXN-01204,2024-09-09,STR-010,PRD-035,8,34.99,279.92
TXN-00905,2024-01-12,STR-011,PRD-030,2,39.99,79.98
TXN-01298,2024-11-19,STR-002,PRD-017,16,14.99,239.84
TXN-00052,2024-03-27,STR-009,PRD-001,4,14.99,59.96
TXN-01416,2024-05-21,STR-011,PRD-036,5,18.99,94.95
TXN-00528,2024-07-19,STR-009,PRD-044,8,12.99,103.92
TXN-00933,2024-07-11,STR-008,PRD-036,-1,18.99,-18.99
TXN-01089,2024-10-10,STR-003,PRD-010,4,8.49,33.96
TXN-01075,2024-07-26,STR-002,PRD-044,8,12.99,103.92
TXN-01113,2024-02-26,STR-012,PRD-026,2,279.99,559.98
TXN-00600,2024-12-30,STR-011,PRD-040,5,19.99,99.95
TXN-00265,2024-02-20,STR-008,PRD-036,6,18.99,113.94
TXN-01181,2024-02-05,STR-004,PRD-037,14,12.49,174.86
TXN-00761,2024-01-06,STR-012,PRD-043,13,22.99,298.87
TXN-01079,2024-10-02,STR-004,PRD-040,7,19.99,139.93
TXN-01228,2024-06-27,,PRD-040,13,19.99,259.87
TXN-01362,2024-12-25,STR-009,PRD-023,4,24.99,99.96
TXN-01222,2024-06-03,,PRD-001,1,14.99,14.99
TXN-01189,2024-08-12,STR-007,PRD-049,1,39.99,39.99
TXN-00604,2024-08-13,STR-003,PRD-053,2,29.99,59.98
TXN-00033,2024-05-07,STR-012,PRD-007,1,18.99,18.99
TXN-00717,2024-06-19,STR-002,PRD-002,2,29.99,59.98
TXN-00179,2024-05-27,STR-004,PRD-047,4,79.99,319.96
TXN-00163,2024-08-08,STR-005,PRD-043,7,22.99,160.93
TXN-01272,2024-08-02,STR-002,PRD-048,1,99.99,99.99
TXN-00268,2024-07-16,STR-003,PRD-045,1,49.99,49.99
TXN-01361,2024-11-21,STR-005,PRD-006,2,59.99,119.98
TXN-00793,2024-05-07,STR-002,PRD-048,4,99.99,399.96
TXN-00735,2024-01-17,STR-007,PRD-002,3,29.99,89.97
TXN-00659,2024-01-30,STR-011,PRD-046,2,149.99,299.98
TXN-01123,2024-12-31,STR-007,PRD-044,9,12.99,116.91
TXN-00724,2024-01-01,STR-012,PRD-035,14,34.99,489.86
TXN-00506,2024-07-19,STR-010,PRD-044,11,12.99,142.89
TXN-01341,2024-06-24,STR-009,PRD-046,1,149.99,149.99
TXN-00104,2024-12-13,STR-001,PRD-009,4,24.99,99.96
TXN-00935,2024-06-24,STR-011,PRD-039,8,27.99,223.92
TXN-00161,2024-02-08,STR-012,PRD-051,1,129.99,129.99
TXN-00785,2024-04-01,STR-001,PRD-016,9,7.99,71.91
TXN-00178,2024-04-02,STR-011,PRD-042,11,14.99,164.89
TXN-01230,2024-10-10,STR-008,PRD-039,13,27.99,363.87
TXN-00495,2024-04-06,STR-011,PRD-040,4,19.99,79.96
TXN-00651,2024-05-06,STR-002,PRD-017,3,14.99,44.97
TXN-00827,2024-12-17,STR-003,PRD-043,5,22.99,114.95
TXN-00213,2024-10-26,STR-004,PRD-013,6,6.49,38.94
TXN-00594,2024-09-13,STR-011,PRD-052,2,74.99,149.98
TXN-01179,2024-04-29,STR-001,PRD-035,13,34.99,454.87
TXN-00369,2024-12-07,STR-009,PRD-027,2,129.99,259.98
TXN-01429,2024-03-11,STR-008,PRD-013,9,6.49,58.41
TXN-00400,2024-06-18,STR-009,PRD-035,3,34.99,104.97
TXN-00301,2024-12-12,STR-002,PRD-013,16,6.49,103.84
TXN-00791,2024-12-05,STR-008,PRD-020,9,7.49,67.41
TXN-00749,2024-05-19,STR-010,PRD-039,5,27.99,139.95
TXN-01252,2024-10-14,STR-010,,2,22.99,45.98
TXN-01391,2024-04-16,STR-008,PRD-010,1,8.49,8.49
TXN-00520,2024-12-16,STR-011,PRD-002,1,29.99,29.99
TXN-01016,2024-10-14,STR-001,PRD-040,6,19.99,119.94
TXN-00449,2024-06-01,STR-001,PRD-001,3,14.99,44.97
TXN-00353,2024-07-04,STR-011,PRD-023,6,24.99,149.94
TXN-01347,2024-08-30,STR-007,PRD-052,2,74.99,149.98
TXN-00197,2024-09-16,STR-004,PRD-037,9,12.49,112.41
TXN-00295,2024-07-10,STR-002,PRD-036,14,18.99,265.86
TXN-00166,2024-04-19,STR-004,PRD-019,3,5.99,17.97
TXN-00810,2024-03-29,STR-012,PRD-012,16,42.99,687.84
TXN-01254,2024-04-04,STR-012,PRD-051,4,129.99,519.96
TXN-01054,2024-05-23,STR-012,PRD-037,3,12.49,37.47
TXN-01087,2024-09-20,STR-002,PRD-050,3,59.99,179.97
TXN-00912,2024-10-22,STR-002,PRD-046,2,149.99,299.98
TXN-00847,2024-12-12,STR-008,PRD-002,5,29.99,149.95
TXN-01401,2024-01-17,STR-010,PRD-043,7,22.99,160.93
TXN-00428,2024-09-06,STR-002,PRD-011,5,89.99,449.95
TXN-01333,2024-05-27,STR-002,PRD-032,2,64.99,129.98
TXN-00066,2024-03-11,STR-009,PRD-006,2,59.99,119.98
TXN-00567,2024-07-31,STR-011,PRD-041,15,8.49,127.35
TXN-00937,2024-11-18,STR-002,PRD-020,5,7.49,37.45
TXN-00591,2024-03-11,STR-008,PRD-010,2,8.49,16.98
TXN-00769,2024-09-17,STR-003,PRD-016,5,7.99,39.95
TXN-00020,2024-03-14,STR-006,PRD-045,5,49.99,249.95
TXN-00541,2024-07-17,STR-010,PRD-013,19,6.49,123.31
TXN-00063,2024-12-21,STR-008,PRD-038,6,11.99,71.94
TXN-00238,2024-05-03,STR-011,PRD-011,4,89.99,359.96
TXN-00792,2024-12-11,STR-008,PRD-014,5,11.99,59.95
TXN-00606,2024-02-15,STR-010,PRD-010,2,8.49,16.98
TXN-01031,2024-03-12,STR-011,PRD-044,12,12.99,155.88
TXN-00498,2024-05-08,STR-007,PRD-015,11,4.29,47.19
TXN-01102,2024-02-05,STR-001,PRD-011,2,89.99,179.98
TXN-00500,2024-04-10,STR-002,PRD-019,13,5.99,77.87
TXN-00038,2024-08-20,STR-011,PRD-038,2,11.99,23.98
TXN-00836,2024-04-02,STR-001,PRD-021,12,3.99,47.88
TXN-00568,2024-08-08,STR-011,PRD-004,3,34.99,104.97
TXN-01201,2024-03-10,STR-004,PRD-001,5,14.99,74.95
TXN-00593,2024-11-12,STR-003,PRD-046,4,149.99,599.96
TXN-00756,2024-10-29,STR-004,PRD-010,4,8.49,33.96
TXN-00426,2024-04-10,STR-001,PRD-037,6,12.49,74.94
TXN-01139,2024-08-17,STR-003,PRD-011,4,89.99,359.96
TXN-00106,2024-03-05,STR-010,PRD-011,4,89.99,359.96
TXN-00009,2024-08-30,STR-011,PRD-010,4,8.49,33.96
TXN-01309,2024-07-15,STR-004,PRD-019,8,5.99,47.92
TXN-00053,2024-08-28,STR-007,PRD-036,12,18.99,227.88
TXN-00402,2024-03-05,STR-007,PRD-038,4,11.99,47.96
TXN-00584,2024-04-14,STR-010,PRD-048,4,99.99,399.96
TXN-01457,2024-09-17,STR-001,PRD-022,19,8.99,170.81
TXN-00207,2024-12-23,STR-011,PRD-032,2,64.99,129.98
TXN-00249,2024-05-02,,PRD-012,20,42.99,859.8
TXN-00719,2024-02-07,STR-009,PRD-035,10,34.99,349.9
TXN-00742,2024-01-26,STR-009,PRD-046,5,149.99,749.95
TXN-00021,2024-11-05,STR-010,PRD-047,4,79.99,319.96
TXN-01006,2024-08-30,STR-010,PRD-047,1,79.99,79.99
TXN-00906,2024-06-05,STR-004,PRD-023,17,24.99,424.83
TXN-00456,2024-09-30,STR-008,PRD-008,4,9.99,39.96
TXN-01430,2024-07-16,STR-007,PRD-005,2,22.99,45.98
TXN-00171,2024-04-29,STR-004,PRD-019,5,5.99,29.95
TXN-00684,2024-09-03,STR-008,PRD-035,2,34.99,69.98
TXN-00023,2024-02-27,STR-004,PRD-051,2,129.99,259.98
TXN-01322,2024-05-07,STR-012,PRD-014,17,11.99,203.83
TXN-00486,2024-01-17,STR-010,PRD-048,1,99.99,99.99
TXN-00972,2024-02-19,STR-011,PRD-053,2,29.99,59.98
TXN-00763,2024-02-22,STR-003,PRD-045,1,49.99,49.99
TXN-01244,2024-12-30,STR-002,PRD-023,15,24.99,374.85
TXN-00089,2024-10-31,STR-004,PRD-018,2,12.49,24.98
TXN-00760,2024-07-29,STR-012,PRD-023,9,24.99,224.91
TXN-00552,2024-05-25,STR-009,PRD-022,16,8.99,143.84
TXN-01259,2024-11-22,STR-007,PRD-028,2,189.99,379.98
TXN-00983,2024-12-26,STR-009,PRD-015,14,4.29,60.06
TXN-01190,2024-03-15,STR-010,PRD-052,4,74.99,299.96
TXN-00149,2024-05-08,STR-008,PRD-047,3,79.99,239.97
TXN-01245,2024-02-23,STR-011,PRD-053,0,29.99,0.0
TXN-00215,2024-05-02,STR-010,PRD-052,3,74.99,224.97
TXN-00028,2024-08-28,STR-001,PRD-019,17,5.99,101.83
TXN-00193,2024-09-06,STR-006,PRD-038,9,11.99,107.91
TXN-00716,2024-04-16,STR-003,PRD-024,6,9.49,56.94
TXN-01168,2024-03-13,STR-012,PRD-044,11,12.99,142.89
TXN-00196,2024-05-29,STR-008,PRD-047,5,79.99,399.95
TXN-00015,2024-05-09,STR-004,PRD-039,7,27.99,195.93
TXN-00139,2024-10-03,STR-007,PRD-050,5,59.99,299.95
TXN-00129,2024-01-10,STR-004,PRD-017,5,14.99,74.95
TXN-00090,2024-01-01,STR-011,PRD-044,11,12.99,142.89
TXN-00988,2024-06-27,STR-012,PRD-050,1,59.99,59.99
TXN-00685,2024-04-19,STR-010,PRD-022,15,8.99,134.85
TXN-01155,2024-12-17,STR-009,PRD-009,1,24.99,24.99
TXN-01153,2024-02-01,STR-007,PRD-015,20,4.29,85.8
TXN-01145,2024-11-22,STR-010,PRD-050,2,59.99,119.98
TXN-00311,2024-07-01,STR-002,PRD-041,11,8.49,93.39
TXN-00499,2024-08-26,STR-009,PRD-008,5,9.99,49.95
TXN-01466,2024-09-01,STR-003,PRD-026,1,279.99,279.99
TXN-01387,2024-04-15,STR-009,PRD-015,3,4.29,12.87
TXN-00415,2024-06-27,STR-012,PRD-028,1,189.99,189.99
TXN-00853,2024-06-18,STR-006,PRD-023,9,24.99,224.91
TXN-01229,2024-09-11,STR-004,PRD-051,4,129.99,519.96
TXN-00840,2024-04-05,STR-003,PRD-035,7,34.99,244.93
TXN-01029,2024-10-21,STR-010,PRD-032,1,64.99,64.99
TXN-00014,2024-05-21,STR-002,PRD-049,2,39.99,79.98
TXN-01002,2024-08-02,STR-011,PRD-009,5,24.99,124.95
TXN-00987,2024-08-23,STR-004,PRD-008,2,9.99,19.98
TXN-01273,2024-11-12,STR-009,PRD-023,16,24.99,399.84
TXN-00019,2024-09-20,STR-009,PRD-052,4,74.99,299.96
TXN-00548,2024-11-12,STR-008,PRD-033,1,34.99,34.99
TXN-00770,2024-08-22,STR-008,PRD-019,14,5.99,83.86
TXN-00859,2024-11-23,STR-008,PRD-042,9,14.99,134.91
TXN-01286,2024-07-09,STR-009,PRD-012,10,42.99,429.9
TXN-00266,2024-07-17,STR-004,PRD-040,2,19.99,39.98
TXN-01276,2024-06-03,STR-009,PRD-050,5,59.99,299.95
TXN-00081,2024-12-20,STR-006,PRD-019,6,5.99,35.94
TXN-00190,2024-02-19,STR-005,PRD-009,4,24.99,99.96
TXN-00213,2024-07-08,STR-009,PRD-022,6,8.99,53.94
TXN-00192,2024-09-26,STR-007,PRD-036,14,18.99,265.86
TXN-00764,2024-10-10,STR-009,PRD-035,5,34.99,174.95
TXN-00272,2024-12-13,STR-011,PRD-016,4,7.99,31.96
TXN-00639,2024-11-18,STR-011,PRD-014,13,11.99,155.87
TXN-00461,2024-02-01,STR-003,PRD-039,5,27.99,139.95
TXN-01316,2024-07-25,STR-011,PRD-019,5,5.99,29.95
TXN-00466,2024-09-05,STR-011,PRD-015,8,4.29,34.32
TXN-01487,2024-05-27,STR-012,PRD-024,12,9.49,113.88
TXN-00322,2024-03-13,STR-004,PRD-007,3,18.99,56.97
TXN-00305,2024-05-24,STR-012,PRD-005,3,22.99,68.97
TXN-01291,2024-08-12,STR-012,PRD-038,7,11.99,83.93
TXN-01363,2024-10-31,STR-011,PRD-011,3,89.99,269.97
TXN-01353,2024-08-26,STR-001,PRD-004,3,34.99,104.97
TXN-00403,2024-01-26,STR-007,PRD-033,2,34.99,69.98
TXN-00187,2024-01-26,STR-004,PRD-019,18,5.99,107.82
TXN-00979,2024-01-03,STR-012,PRD-043,2,22.99,45.98
TXN-00474,2024-06-12,STR-001,PRD-035,5,34.99,174.95
TXN-00678,2024-02-14,STR-012,PRD-008,5,9.99,49.95
TXN-00117,2024-06-06,STR-009,PRD-036,9,18.99,170.91
TXN-01138,2024-10-17,STR-009,PRD-019,3,5.99,17.97
TXN-00976,2024-10-31,STR-003,PRD-036,3,18.99,56.97
TXN-00854,2024-04-26,STR-012,PRD-052,4,74.99,299.96
TXN-01396,2024-10-03,STR-011,PRD-015,19,4.29,81.51
TXN-00261,2024-06-20,STR-009,PRD-048,5,99.99,499.95
TXN-00364,2024-02-12,STR-008,PRD-022,10,8.99,89.9
TXN-00992,2024-07-31,STR-011,PRD-021,20,3.99,79.8
TXN-00736,2024-02-24,STR-002,PRD-024,6,9.49,56.94
TXN-00677,2024-10-02,STR-009,PRD-030,2,39.99,79.98
TXN-00476,2024-02-02,STR-011,PRD-006,1,59.99,59.99
TXN-00869,2024-08-26,STR-010,PRD-053,5,29.99,149.95
TXN-00423,2024-05-20,STR-012,PRD-046,2,149.99,299.98
TXN-00436,2024-03-18,STR-007,PRD-004,3,34.99,104.97
TXN-00523,2024-12-23,STR-010,PRD-013,4,6.49,25.96
TXN-00111,2024-08-20,STR-002,PRD-021,8,3.99,31.92
TXN-00765,2024-09-13,STR-012,PRD-049,-2,39.99,-79.98
TXN-00994,2024-12-13,STR-011,PRD-021,7,3.99,27.93,EXTRA_FIELD
TXN-01167,2024-06-23,STR-010,PRD-044,3,12.99,38.97
TXN-00565,2024-05-07,STR-007,PRD-053,2,29.99,59.98
TXN-00049,2024-02-08,STR-010,PRD-044,2,12.99,25.98
TXN-01127,2024-07-30,STR-012,PRD-015,3,4.29,12.87
TXN-01246,2024-04-19,STR-008,PRD-015,7,4.29,30.03
TXN-00438,2024-09-10,STR-004,PRD-015,18,4.29,77.22
TXN-01419,2024-06-03,STR-010,PRD-050,3,59.99,179.97
TXN-00255,2024-11-11,STR-003,PRD-038,9,11.99,107.91
TXN-01198,2024-06-26,STR-012,PRD-053,2,29.99,59.98
TXN-00701,2024-09-10,STR-002,PRD-008,3,9.99,29.97
TXN-00959,2024-02-29,STR-011,PRD-040,8,19.99,159.92
TXN-01033,2024-01-25,STR-009,PRD-008,2,9.99,19.98
TXN-01227,2024-10-28,STR-001,PRD-013,7,6.49,45.43
TXN-00490,2024-06-18,STR-006,PRD-022,5,8.99,44.95
TXN-00082,2024-02-27,STR-009,PRD-004,4,34.99,139.96
TXN-00448,2024-01-19,STR-009,PRD-041,3,8.49,25.47
TXN-00971,2024-09-09,STR-001,PRD-044,9,12.99,116.91
TXN-00298,2024-02-09,STR-011,PRD-051,1,129.99,129.99
TXN-00086,2024-10-10,STR-008,PRD-003,1,44.99,44.99
TXN-00538,2024-01-29,STR-003,PRD-036,4,18.99,75.96
TXN-00803,2024-06-04,STR-010,PRD-010,4,8.49,33.96
TXN-01408,2024-06-25,STR-011,PRD-003,3,44.99,134.97
TXN-01376,2024-10-08,STR-003,PRD-050,3,59.99,179.97
TXN-01348,2024-01-21,STR-009,PRD-014,10,11.99,119.9
TXN-00159,2024-09-10,STR-010,PRD-024,6,9.49,56.94
TXN-01443,2024-08-23,STR-009,PRD-008,3,9.99,29.97
TXN-00703,2024-10-15,STR-001,PRD-032,2,64.99,129.98
TXN-00664,2024-05-10,STR-009,PRD-023,9,24.99,224.91
TXN-01193,2024-01-12,STR-004,PRD-038,10,11.99,119.9
TXN-00693,2024-11-29,STR-002,PRD-047,5,79.99,399.95
TXN-00475,2024-04-24,STR-012,PRD-007,1,18.99,18.99
TXN-00350,2024-12-03,STR-009,PRD-030,2,39.99,79.98
TXN-01233,2024-12-29,STR-008,PRD-025,1,349.99,349.99
TXN-00911,2024-02-15,STR-002,PRD-005,2,22.99,45.98
TXN-00896,2024-11-27,STR-008,PRD-041,13,8.49,110.37
TXN-01257,2024-09-04,STR-003,PRD-038,5,11.99,59.95
TXN-00646,2024-09-23,STR-009,PRD-036,12,18.99,227.88
TXN-00445,2024-05-31,STR-008,PRD-021,2,3.99,7.98
TXN-00191,2024-12-09,STR-004,PRD-041,15,8.49,127.35
TXN-00629,2024-01-04,STR-008,PRD-010,4,8.49,33.96
TXN-00378,2024-06-07,STR-004,PRD-052,2,74.99,149.98
TXN-00433,2024-06-06,STR-007,PRD-015,16,4.29,68.64
TXN-00775,2024-01-16,STR-004,PRD-014,7,11.99,83.93
TXN-01365,2024-03-04,STR-007,PRD-012,14,42.99,601.86
TXN-01303,2024-01-18,STR-008,PRD-045,3,49.99,149.97
TXN-01243,2024-08-30,STR-009,,2,22.99,45.98
TXN-00885,2024-01-17,STR-009,PRD-038,2,11.99,23.98
TXN-00275,2024-10-22,STR-001,PRD-049,0,39.99,0.0
TXN-01184,2024-07-26,STR-012,PRD-048,5,99.99,499.95
TXN-00807,2024-06-30,STR-009,PRD-046,4,149.99,599.96
TXN-00457,2024-04-08,STR-003,PRD-040,6,19.99,119.94
TXN-00502,2024-11-07,STR-012,PRD-015,16,4.29,68.64
TXN-01315,2024-06-07,STR-011,PRD-044,4,12.99,51.96
TXN-00525,2024-05-13,STR-009,PRD-019,13,5.99,77.87
TXN-01107,2024-02-12,STR-010,PRD-052,1,74.99,74.99
TXN-00099,2024-03-29,STR-002,PRD-021,17,3.99,67.83
TXN-01415,2024-11-04,STR-004,PRD-016,11,7.99,87.89
TXN-00368,2024-03-15,STR-010,PRD-003,2,44.99,89.98
TXN-01342,2024-09-17,STR-011,PRD-036,7,18.99,132.93
TXN-00618,2024-10-09,STR-009,PRD-015,14,4.29,60.06
TXN-00702,2024-08-09,STR-004,PRD-052,5,74.99,374.95
TXN-00318,2024-02-14,STR-008,PRD-045,4,49.99,199.96
TXN-01186,2024-01-23,STR-006,PRD-042,9,14.99,134.91
TXN-00443,2024-03-13,STR-001,PRD-044,15,12.99,194.85
TXN-01224,2024-10-23,STR-004,PRD-001,2,14.99,29.98
TXN-01064,2024-12-08,STR-009,PRD-031,1,89.99,89.99
TXN-00124,2024-04-22,STR-010,PRD-023,11,24.99,274.89
TXN-00856,2024-08-25,STR-002,PRD-041,8,8.49,67.92
TXN-01418,2024-03-05,STR-011,PRD-044,11,12.99,142.89
TXN-01407,2024-12-02,STR-001,PRD-051,1,129.99,129.99
TXN-01191,2024-09-22,STR-003,PRD-013,19,6.49,123.31
TXN-01119,2024-10-17,STR-007,PRD-027,2,129.99,259.98
TXN-00413,2024-09-24,STR-010,PRD-044,5,12.99,64.95
TXN-01180,2024-05-22,STR-009,PRD-015,7,4.29,30.03
TXN-00398,2024-01-31,STR-004,PRD-037,7,12.49,87.43
TXN-00153,2024-04-01,STR-012,PRD-007,2,18.99,37.98
TXN-00214,2024-07-22,STR-006,PRD-041,15,8.49,127.35
TXN-01028,2024-10-31,STR-005,PRD-008,3,9.99,29.97
TXN-00969,2024-03-11,STR-003,PRD-002,2,29.99,59.98
TXN-01199,2024-03-17,STR-004,PRD-005,4,22.99,91.96
TXN-00790,2024-02-27,STR-011,PRD-006,3,59.99,179.97
TXN-00246,2024-11-12,STR-001,PRD-005,3,22.99,68.97
TXN-01063,2024-08-06,STR-012,PRD-036,7,18.99,132.93
TXN-00262,2024-09-24,STR-010,PRD-008,1,9.99,9.99
TXN-00409,2024-12-12,STR-011,,18,3.99,71.82
TXN-00095,2024-08-09,STR-009,PRD-013,20,6.49,129.8
TXN-00989,2024-12-03,STR-001,PRD-008,2,9.99,19.98
TXN-01493,2024-02-26,STR-004,PRD-025,2,349.99,699.98
TXN-00561,2024-07-26,STR-009,PRD-009,5,24.99,124.95
TXN-00073,2024-01-23,STR-001,PRD-023,5,24.99,124.95
TXN-00762,2024-08-07,STR-004,PRD-012,19,42.99,816.81
TXN-01109,2024-01-22,STR-002,PRD-022,3,8.99,26.97
TXN-00928,2024-02-07,STR-007,PRD-006,3,59.99,179.97
TXN-00331,2024-03-26,STR-004,PRD-049,2,39.99,79.98
TXN-00950,2024-07-24,STR-011,PRD-038,-1,11.99,-11.99
TXN-00660,2024-05-14,STR-003,PRD-046,1,149.99,149.99
TXN-01336,2024-09-17,STR-003,PRD-012,18,42.99,773.82
TXN-00050,2024-10-14,STR-001,PRD-008,2,9.99,19.98
TXN-00217,2024-10-16,STR-004,PRD-007,4,18.99,75.96
TXN-01483,2024-09-28,STR-012,PRD-006,4,59.99,239.96
TXN-01370,2024-12-11,STR-012,PRD-021,14,3.99,55.86
TXN-00817,2024-01-24,STR-008,PRD-021,15,3.99,59.85
TXN-00752,2024-08-07,STR-012,PRD-016,18,7.99,143.82
TXN-00750,2024-05-22,STR-012,PRD-006,2,59.99,119.98
TXN-00333,2024-09-30,STR-003,PRD-021,3,3.99,11.97
TXN-00464,2024-03-11,STR-011,PRD-012,15,42.99,644.85
TXN-00638,2024-11-14,STR-007,PRD-003,3,44.99,134.97
TXN-00672,2024-03-20,STR-001,PRD-035,1,34.99,34.99
TXN-00045,2024-12-15,STR-010,PRD-025,2,349.99,699.98
TXN-00338,2024-06-17,STR-003,PRD-053,3,29.99,89.97
TXN-01460,2024-12-18,STR-007,PRD-036,3,18.99,56.97
TXN-01057,2024-10-09,STR-008,PRD-024,16,9.49,151.84
TXN-01295,2024-07-13,STR-003,PRD-047,4,79.99,319.96
TXN-01395,2024-11-01,STR-012,PRD-016,3,7.99,23.97
TXN-00644,2024-02-07,,PRD-047,1,79.99,79.99
TXN-00465,2024-11-16,STR-009,PRD-036,12,18.99,227.88
TXN-00492,2024-10-22,STR-012,PRD-013,14,6.49,90.86
TXN-00676,2024-03-15,STR-007,PRD-008,1,9.99,9.99
TXN-00725,2024-10-28,STR-001,PRD-013,20,6.49,129.8
TXN-00851,2024-10-22,STR-002,PRD-001,2,14.99,29.98
TXN-00472,2024-08-23,STR-002,PRD-038,3,11.99,35.97
TXN-00084,2024-12-16,STR-004,PRD-035,6,34.99,209.94
TXN-00030,2024-09-25,STR-004,PRD-012,12,42.99,515.88
TXN-01432,2024-05-30,STR-004,PRD-013,5,6.49,32.45
TXN-00332,2024-01-27,STR-011,PRD-030,1,39.99,39.99
TXN-00858,2024-10-22,STR-012,PRD-001,1,14.99,14.99
TXN-01445,2024-05-27,STR-004,PRD-002,1,29.99,29.99
TXN-00605,2024-01-17,STR-010,PRD-019,12,5.99,71.88
TXN-01308,2024-11-15,STR-004,PRD-048,2,99.99,199.98
TXN-00404,2024-03-25,STR-008,PRD-046,3,149.99,449.97
TXN-00125,2024-07-19,STR-007,PRD-036,5,18.99,94.95
TXN-00697,2024-07-27,STR-011,PRD-003,4,44.99,179.96
TXN-00698,2024-04-01,STR-009,PRD-015,6,4.29,25.74
TXN-00292,2024-06-14,STR-012,PRD-036,10,18.99,189.9
TXN-00027,2024-12-05,STR-008,PRD-009,3,24.99,74.97
TXN-01398,2024-05-09,STR-006,PRD-023,14,24.99,349.86
TXN-00097,2024-08-15,STR-012,PRD-049,3,39.99,119.97
TXN-01480,2024-04-19,STR-003,PRD-007,4,18.99,75.96
TXN-00511,2024-08-08,STR-007,PRD-012,7,42.99,300.93
TXN-00787,2024-07-03,STR-010,PRD-018,7,12.49,87.43
TXN-00253,2024-01-28,STR-003,PRD-036,9,18.99,170.91
TXN-00079,2024-07-05,STR-012,PRD-035,10,34.99,349.9
TXN-00427,2024-08-06,STR-004,PRD-035,9,34.99,314.91
TXN-01095,2024-10-21,STR-004,PRD-006,5,59.99,299.95
TXN-00585,2024-04-23,STR-004,PRD-020,3,7.49,22.47
TXN-01410,2024-02-12,STR-008,PRD-005,5,22.99,114.95
TXN-00539,2024-06-28,STR-009,PRD-023,1,24.99,24.99
TXN-00005,2024-10-15,STR-009,PRD-015,15,4.29,64.35
TXN-00598,2024-08-05,STR-011,PRD-036,12,18.99,227.88
TXN-01022,2024-08-30,STR-008,PRD-001,1,14.99,14.99
TXN-00600,2024-06-03,STR-001,PRD-020,8,7.49,59.92
TXN-00680,2024-12-17,STR-003,PRD-017,10,14.99,149.9
TXN-00577,2024-08-28,STR-004,PRD-043,8,22.99,183.92
TXN-01449,2024-06-11,STR-010,PRD-045,1,49.99,49.99
TXN-00843,2024-03-25,STR-003,PRD-036,15,18.99,284.85
TXN-01321,2024-05-14,STR-012,PRD-035,8,34.99,279.92
TXN-01165,2024-07-21,STR-011,PRD-049,2,39.99,79.98
TXN-01083,2024-04-24,STR-003,PRD-017,14,14.99,209.86
TXN-00956,2024-09-23,STR-003,PRD-037,3,12.49,37.47
TXN-01134,2024-06-21,STR-011,PRD-015,5,4.29,21.45
TXN-00291,2024-08-19,STR-001,PRD-038,15,11.99,179.85
TXN-00890,2024-10-16,STR-004,PRD-014,10,11.99,119.9
TXN-01485,2024-02-20,STR-003,PRD-049,2,39.99,79.98
TXN-00096,2024-08-02,STR-012,PRD-001,3,14.99,44.97
TXN-00358,2024-12-09,STR-004,PRD-021,12,3.99,47.88
TXN-00127,2024-07-03,STR-005,PRD-053,1,29.99,29.99
TXN-00152,2024-03-04,STR-004,PRD-022,4,8.99,35.96
TXN-00888,2024-12-29,STR-008,PRD-044,-1,12.99,-12.99
TXN-00738,2024-06-27,STR-011,PRD-003,4,44.99,179.96
TXN-01178,2024-07-24,STR-011,PRD-040,3,19.99,59.97
TXN-01350,2024-08-20,STR-004,PRD-011,1,89.99,89.99
TXN-01382,2024-08-28,STR-001,PRD-008,1,9.99,9.99
TXN-01074,2024-06-24,STR-002,PRD-012,2,42.99,85.98
TXN-00497,2024-08-06,STR-009,PRD-045,5,49.99,249.95
TXN-00575,2024-01-12,STR-011,PRD-008,3,9.99,29.97
TXN-00997,2024-02-15,STR-007,PRD-035,6,34.99,209.94
TXN-00366,2024-07-05,STR-010,PRD-020,2,7.49,14.98
TXN-00453,2024-06-24,STR-004,PRD-038,11,11.99,131.89
TXN-01327,2024-01-30,STR-004,PRD-048,1,99.99,99.99
TXN-00507,2024-05-17,STR-009,PRD-042,15,14.99,224.85
TXN-00119,2024-09-13,STR-001,PRD-034,2,19.99,39.98
TXN-00940,2024-11-01,STR-009,PRD-048,2,99.99,199.98
TXN-00479,2024-07-18,STR-009,PRD-007,5,18.99,94.95
TXN-01371,2024-09-09,STR-003,PRD-015,5,4.29,21.45
TXN-00168,2024-09-05,STR-007,PRD-003,2,44.99,89.98
TXN-01442,2024-03-14,,PRD-009,3,24.99,74.97
TXN-00482,2024-09-02,STR-011,PRD-036,9,18.99,170.91
TXN-01414,2024-06-26,STR-006,PRD-044,2,12.99,25.98
TXN-00188,2024-05-31,STR-010,PRD-041,0,8.49,0.0
TXN-00236,2024-09-03,STR-008,PRD-053,4,29.99,119.96
TXN-01360,2024-11-08,STR-002,PRD-009,1,24.99,24.99
TXN-00153,2024-12-31,STR-004,PRD-014,7,11.99,83.93
TXN-00194,2024-04-10,STR-011,PRD-011,1,89.99,89.99
TXN-01441,2024-08-21,STR-008,PRD-009,4,24.99,99.96
TXN-00451,2024-10-15,STR-011,PRD-041,15,8.49,127.35
TXN-00818,2024-11-12,STR-011,PRD-023,14,24.99,349.86
TXN-00652,2024-03-01,STR-010,PRD-049,5,39.99,199.95
TXN-00674,2024-07-17,STR-008,PRD-008,2,9.99,19.98
TXN-00874,2024-11-19,STR-006,PRD-020,13,7.49,97.37
TXN-00570,2024-07-06,STR-004,PRD-999,5,0.0,0.0
TXN-01301,2024-09-05,STR-010,PRD-042,15,14.99,224.85
TXN-01459,2024-03-21,STR-007,PRD-022,16,8.99,143.84
TXN-00504,2024-03-01,STR-011,PRD-017,20,14.99,299.8
TXN-00755,2024-07-27,STR-001,PRD-041,10,8.49,84.9
TXN-01097,2024-12-04,STR-011,PRD-032,1,64.99,64.99
TXN-01099,2024-02-02,STR-011,PRD-034,1,19.99,19.99
TXN-00915,2024-12-05,STR-002,PRD-047,1,79.99,79.99
TXN-01177,2024-11-15,STR-011,PRD-053,3,29.99,89.97
TXN-01027,2024-05-28,STR-010,PRD-013,19,6.49,123.31
TXN-01374,2024-11-20,STR-002,PRD-051,3,129.99,389.97
TXN-00271,2024-07-04,STR-003,PRD-046,5,149.99,749.95
TXN-01357,2024-01-19,STR-004,,11,8.49,93.39
TXN-00850,2024-09-11,STR-009,PRD-052,4,74.99,299.96
TXN-00628,2024-11-11,STR-005,PRD-042,11,14.99,164.89
TXN-00270,2024-12-18,STR-010,PRD-005,3,22.99,68.97
TXN-01496,2024-09-19,STR-009,PRD-021,18,3.99,71.82
TXN-01091,2024-12-31,STR-009,PRD-026,1,279.99,279.99
TXN-00290,2024-07-05,STR-002,PRD-035,14,34.99,489.86
TXN-00441,2024-10-08,STR-005,PRD-052,2,74.99,149.98
TXN-00949,2024-12-19,STR-004,PRD-042,15,14.99,224.85
TXN-01040,2024-11-20,STR-007,PRD-039,11,27.99,307.89
TXN-00766,2024-03-15,STR-009,PRD-004,4,34.99,139.96
TXN-01195,2024-12-10,STR-004,PRD-010,1,8.49,8.49
TXN-00855,2024-05-03,STR-002,PRD-038,8,11.99,95.92
TXN-01305,2024-06-03,STR-001,PRD-021,16,3.99,63.84
TXN-01142,2024-08-15,STR-008,PRD-046,1,149.99,149.99
TXN-01200,2024-08-23,STR-007,PRD-051,2,129.99,259.98
TXN-01324,2024-02-05,STR-001,PRD-035,2,34.99,69.98
TXN-01380,2024-01-23,STR-002,PRD-052,3,74.99,224.97
TXN-00120,2024-08-01,STR-004,PRD-039,15,27.99,419.85
TXN-00978,2024-08-04,STR-007,PRD-014,1,11.99,11.99
TXN-00146,2024-02-14,STR-006,PRD-035,8,34.99,279.92
TXN-00444,2024-12-11,STR-011,PRD-040,11,19.99,219.89
TXN-01297,2024-05-28,STR-010,PRD-042,2,14.99,29.98
TXN-00728,2024-06-18,STR-004,PRD-051,1,129.99,129.99
TXN-00325,2024-07-18,STR-004,PRD-012,6,42.99,257.94
TXN-00092,2024-12-18,STR-008,PRD-050,3,59.99,179.97
TXN-00984,2024-10-22,STR-011,PRD-013,12,6.49,77.88
TXN-00480,2024-07-03,STR-003,PRD-013,18,6.49,116.82
TXN-01129,2024-10-31,STR-003,PRD-048,3,99.99,299.97,EXTRA_FIELD
TXN-01338,2024-01-18,STR-002,PRD-007,5,18.99,94.95
TXN-00953,2024-12-12,STR-002,PRD-042,5,14.99,74.95
TXN-01159,2024-10-23,STR-001,PRD-004,2,34.99,69.98
TXN-01187,2024-01-21,STR-012,PRD-034,1,19.99,19.99
TXN-01343,2024-02-06,STR-011,PRD-016,1,7.99,7.99
TXN-01047,2024-02-12,STR-004,PRD-013,13,6.49,84.37
TXN-00184,2024-03-01,STR-009,PRD-042,14,14.99,209.86
TXN-01036,2024-05-15,STR-009,PRD-002,4,29.99,119.96
TXN-01188,2024-08-20,STR-009,PRD-022,10,8.99,89.9
TXN-00573,2024-10-31,STR-005,PRD-037,6,12.49,74.94
TXN-00914,2024-06-16,STR-001,PRD-034,1,19.99,19.99
TXN-01114,2024-08-14,STR-003,PRD-013,6,6.49,38.94
TXN-00380,2024-05-04,STR-011,PRD-003,3,44.99,134.97
TXN-00688,2024-05-10,STR-009,PRD-035,-2,34.99,-69.98
TXN-00405,2024-03-25,STR-011,PRD-042,8,14.99,119.92
TXN-00310,2024-09-09,STR-011,PRD-012,2,42.99,85.98
TXN-01052,2024-03-30,STR-001,PRD-003,3,44.99,134.97
TXN-00635,2024-04-24,STR-002,PRD-008,2,9.99,19.98
TXN-00517,2024-02-08,STR-002,PRD-001,4,14.99,59.96
TXN-00260,2024-03-07,STR-007,PRD-050,5,59.99,299.95
TXN-00006,2024-01-03,STR-004,PRD-036,6,18.99,113.94
TXN-00047,2024-02-27,STR-006,PRD-014,7,11.99,83.93
TXN-00830,2024-11-19,STR-004,PRD-019,17,5.99,101.83
TXN-00767,2024-06-24,STR-006,PRD-005,4,22.99,91.96
TXN-00727,2024-09-19,STR-004,PRD-023,3,24.99,74.97
TXN-00613,2024-06-19,STR-006,PRD-035,8,34.99,279.92
TXN-01067,2024-08-06,STR-004,PRD-006,2,59.99,119.98
TXN-00991,2024-07-15,STR-002,PRD-049,1,39.99,39.99
TXN-00687,2024-11-15,STR-001,PRD-015,11,4.29,47.19
TXN-01326,2024-05-13,STR-004,PRD-003,1,44.99,44.99
TXN-01399,2024-11-08,STR-004,PRD-046,1,149.99,149.99
TXN-01402,2024-02-21,STR-010,PRD-041,4,8.49,33.96
TXN-00931,2024-04-11,STR-008,PRD-041,8,8.49,67.92
TXN-01275,2024-12-03,STR-001,PRD-012,5,42.99,214.95
TXN-01060,2024-03-12,STR-009,PRD-021,16,3.99,63.84
TXN-00954,2024-04-26,STR-011,PRD-035,6,34.99,209.94
TXN-00341,2024-01-10,STR-007,PRD-015,5,4.29,21.45
TXN-00054,2024-10-21,STR-011,PRD-012,7,42.99,300.93
TXN-01447,2024-06-17,STR-011,PRD-005,3,22.99,68.97
TXN-01472,2024-05-28,STR-009,PRD-041,7,8.49,59.43
TXN-01296,2024-02-12,STR-004,PRD-043,14,22.99,321.86
TXN-00075,2024-10-23,STR-001,PRD-009,1,24.99,24.99
TXN-01364,2024-04-22,STR-001,PRD-048,2,99.99,199.98
TXN-00612,2024-05-27,STR-003,PRD-011,2,89.99,179.98
TXN-01062,2024-11-12,STR-005,PRD-001,5,14.99,74.95
TXN-00434,2024-07-03,STR-012,PRD-020,10,7.49,74.9
TXN-00726,2024-11-20,STR-005,PRD-052,5,74.99,374.95
TXN-00393,2024-11-15,STR-008,PRD-045,1,49.99,49.99
TXN-00731,2024-01-01,STR-002,PRD-033,2,34.99,69.98
TXN-00218,2024-11-07,STR-008,PRD-052,4,74.99,299.96
TXN-01417,2024-07-16,STR-009,PRD-038,8,11.99,95.92
TXN-00815,2024-05-10,STR-005,PRD-024,10,9.49,94.9
TXN-00663,2024-01-18,STR-012,PRD-053,4,29.99,119.96
TXN-00273,2024-10-22,STR-009,PRD-009,3,24.99,74.97
TXN-00961,2024-11-09,STR-004,PRD-011,5,89.99,449.95,EXTRA_FIELD
TXN-00022,2024-03-13,STR-011,PRD-041,2,8.49,16.98
TXN-00176,2024-05-12,STR-001,PRD-008,2,9.99,19.98
TXN-00939,2024-01-10,STR-011,PRD-051,1,129.99,129.99
TXN-00758,2024-12-27,STR-010,PRD-015,5,4.29,21.45
TXN-00509,2024-08-07,STR-001,PRD-045,2,49.99,99.98
TXN-00924,2024-07-01,STR-004,PRD-035,15,34.99,524.85
TXN-01133,2024-10-04,STR-001,PRD-023,18,24.99,449.82
TXN-01250,2024-06-17,STR-007,PRD-012,10,42.99,429.9
TXN-00595,2024-09-16,STR-007,PRD-011,2,89.99,179.98
TXN-00059,2024-05-03,STR-009,PRD-010,5,8.49,42.45
TXN-00299,2024-04-11,STR-009,PRD-024,5,9.49,47.45
TXN-01470,2024-06-16,STR-008,PRD-020,12,7.49,89.88
TXN-01263,2024-09-25,STR-003,PRD-035,14,34.99,489.86
TXN-00857,2024-09-19,STR-001,PRD-008,4,9.99,39.96
TXN-00388,2024-03-26,STR-008,PRD-016,12,7.99,95.88
TXN-00580,2024-12-24,STR-004,PRD-017,17,14.99,254.83
TXN-00442,2024-08-06,STR-008,PRD-039,2,27.99,55.98
TXN-00424,2024-11-05,STR-011,PRD-013,17,6.49,110.33
TXN-00884,2024-03-18,STR-002,PRD-022,7,8.99,62.93
TXN-01094,2024-06-19,STR-010,PRD-020,20,7.49,149.8
TXN-00783,2024-12-25,STR-004,PRD-019,14,5.99,83.86
TXN-01266,2024-11-25,STR-006,PRD-044,3,12.99,38.97
TXN-00590,2024-12-23,STR-008,PRD-050,5,59.99,299.95
TXN-00546,2024-08-15,STR-010,PRD-045,5,49.99,249.95
TXN-00391,2024-02-19,STR-011,PRD-052,2,74.99,149.98
TXN-01238,2024-06-08,STR-004,PRD-043,5,22.99,114.95
TXN-01077,2024-05-10,STR-009,PRD-037,4,12.49,49.96
TXN-00243,2024-02-21,STR-009,PRD-044,15,12.99,194.85
TXN-01013,2024-05-03,STR-006,PRD-019,7,5.99,41.93
TXN-00930,2024-12-12,STR-006,PRD-008,3,9.99,29.97
TXN-01242,2024-02-21,STR-011,PRD-011,2,89.99,179.98
TXN-00029,2024-09-25,STR-003,PRD-051,3,129.99,389.97
TXN-00241,2024-11-21,STR-009,PRD-020,2,7.49,14.98
TXN-00023,2024-10-15,STR-011,PRD-041,9,8.49,76.41
TXN-01154,2024-09-03,STR-001,PRD-006,4,59.99,239.96
TXN-01073,2024-09-20,STR-009,PRD-039,12,27.99,335.88
TXN-00306,2024-06-12,STR-010,PRD-038,1,11.99,11.99
TXN-00533,2024-01-17,STR-004,PRD-022,1,8.99,8.99
TXN-00879,2024-12-03,STR-008,PRD-009,3,24.99,74.97
TXN-00822,2024-03-05,STR-009,PRD-053,1,29.99,29.99
TXN-00102,2024-02-07,STR-010,PRD-036,15,18.99,284.85
TXN-01484,2024-05-14,STR-001,PRD-006,3,59.99,179.97
TXN-00537,2024-03-14,STR-002,PRD-041,12,8.49,101.88
TXN-01084,2024-03-28,STR-007,PRD-047,1,79.99,79.99
TXN-01247,2024-10-09,STR-008,PRD-037,11,12.49,137.39
TXN-00183,2024-01-19,STR-010,PRD-008,3,9.99,29.97
TXN-00469,2024-10-16,STR-011,PRD-015,19,4.29,81.51
TXN-00048,2024-03-14,STR-010,PRD-013,9,6.49,58.41
TXN-00043,2024-04-23,STR-011,PRD-011,5,89.99,449.95
TXN-00460,2024-01-05,STR-007,PRD-053,3,29.99,89.97
TXN-00773,2024-01-30,STR-011,PRD-012,3,42.99,128.97
TXN-00806,2024-08-06,STR-002,PRD-012,5,42.99,214.95
TXN-00373,2024-09-20,STR-011,PRD-034,1,19.99,19.99
TXN-00753,2024-07-23,STR-011,PRD-036,9,18.99,170.91
TXN-01269,2024-10-15,STR-006,PRD-013,3,6.49,19.47
TXN-00173,2024-08-20,STR-003,PRD-039,12,27.99,335.88
TXN-00407,2024-09-24,STR-010,PRD-017,7,14.99,104.93
TXN-00578,2024-02-21,STR-010,PRD-038,6,11.99,71.94
TXN-00671,2024-09-18,STR-004,PRD-044,13,12.99,168.87
TXN-00356,2024-01-23,STR-004,PRD-004,3,34.99,104.97
TXN-00534,2024-11-06,STR-004,PRD-035,15,34.99,524.85
TXN-00274,2024-08-14,STR-012,PRD-050,5,59.99,299.95
TXN-00980,2024-07-17,STR-004,PRD-022,14,8.99,125.86
TXN-00925,2024-09-27,STR-004,PRD-012,6,42.99,257.94
TXN-00655,2024-05-16,STR-004,PRD-030,1,39.99,39.99
TXN-01241,2024-09-12,STR-011,PRD-022,11,8.99,98.89
TXN-00267,2024-02-14,STR-002,PRD-036,2,18.99,37.98
TXN-01261,2024-02-03,STR-011,PRD-009,3,24.99,74.97
TXN-00512,2024-07-19,STR-012,PRD-017,16,14.99,239.84
TXN-00324,2024-10-05,STR-001,PRD-023,20,24.99,499.8
TXN-00227,2024-04-02,STR-004,PRD-011,5,89.99,449.95
TXN-00169,2024-05-29,STR-010,PRD-007,2,18.99,37.98
TXN-01202,2024-01-06,STR-010,PRD-041,14,8.49,118.86
TXN-00626,2024-11-27,STR-008,PRD-016,14,7.99,111.86
TXN-01270,2024-10-30,STR-011,PRD-009,5,24.99,124.95
TXN-01488,2024-09-22,STR-006,PRD-041,10,8.49,84.9
TXN-00007,2024-04-23,STR-008,PRD-008,1,9.99,9.99
TXN-00279,2024-08-09,STR-010,PRD-024,6,9.49,56.94
TXN-00909,2024-10-11,STR-010,PRD-052,1,74.99,74.99
TXN-00377,2024-06-18,STR-009,PRD-006,5,59.99,299.95
TXN-00107,2024-10-23,STR-008,PRD-037,10,12.49,124.9
TXN-01225,2024-05-14,STR-002,PRD-022,10,8.99,89.9
TXN-01265,2024-10-09,STR-010,PRD-035,10,34.99,349.9
TXN-01436,2024-10-12,STR-004,PRD-044,5,12.99,64.95
TXN-00862,2024-11-13,STR-011,PRD-053,3,29.99,89.97
TXN-00721,2024-08-19,STR-011,PRD-053,3,29.99,89.97
TXN-00136,2024-08-14,STR-009,PRD-006,5,59.99,299.95
TXN-01037,2024-12-25,STR-004,PRD-046,5,149.99,749.95
TXN-00535,2024-03-26,STR-012,PRD-017,19,14.99,284.81
TXN-01130,2024-07-20,STR-002,PRD-005,3,22.99,68.97
TXN-00206,2024-06-27,STR-009,PRD-053,1,29.99,29.99
TXN-01332,2024-12-19,STR-008,PRD-018,6,12.49,74.94
TXN-00682,2024-05-02,STR-002,PRD-015,5,4.29,21.45
TXN-00846,2024-02-29,STR-009,PRD-037,1,12.49,12.49
TXN-00965,2024-09-06,STR-011,PRD-013,8,6.49,51.92
TXN-01397,2024-09-02,STR-007,PRD-002,4,29.99,119.96
TXN-00165,2024-11-25,STR-002,PRD-049,1,39.99,39.99
TXN-00562,2024-10-16,STR-004,PRD-044,1,12.99,12.99
TXN-00070,2024-02-26,STR-012,PRD-012,9,42.99,386.91
TXN-00833,2024-02-28,STR-012,PRD-041,3,8.49,25.47
TXN-00650,2024-12-10,STR-002,PRD-022,14,8.99,125.86
TXN-00899,2024-10-15,STR-011,PRD-035,2,34.99,69.98
TXN-01234,2024-05-28,STR-001,PRD-023,13,24.99,324.87
TXN-00431,2024-12-24,STR-007,PRD-049,4,39.99,159.96
TXN-00610,2024-06-04,STR-007,PRD-046,3,149.99,449.97
TXN-00483,2024-05-01,STR-006,PRD-038,6,11.99,71.94
TXN-01289,2024-03-12,STR-002,PRD-011,4,89.99,359.96
TXN-00617,2024-02-19,STR-010,PRD-051,3,129.99,389.97
TXN-00524,2024-10-04,STR-004,PRD-017,7,14.99,104.93
TXN-00805,2024-04-12,STR-011,PRD-010,4,8.49,33.96
TXN-00017,2024-01-30,STR-005,PRD-003,3,44.99,134.97
TXN-00796,2024-11-05,STR-012,PRD-014,11,11.99,131.89
TXN-01406,2024-03-13,STR-009,PRD-013,12,6.49,77.88
TXN-00485,2024-01-09,STR-006,PRD-015,3,4.29,12.87
TXN-01096,2024-06-05,STR-007,PRD-044,6,12.99,77.94
TXN-00250,2024-03-08,STR-011,PRD-018,6,12.49,74.94
TXN-01156,2024-12-10,STR-009,PRD-016,13,7.99,103.87
TXN-00634,2024-04-22,STR-004,PRD-035,10,34.99,349.9
TXN-00788,2024-12-24,STR-011,PRD-050,4,59.99,239.96
TXN-01132,2024-11-14,STR-001,PRD-051,4,129.99,519.96
TXN-00519,2024-07-16,STR-002,PRD-050,5,59.99,299.95
TXN-00491,2024-10-02,STR-005,PRD-035,5,34.99,174.95
TXN-00112,2024-06-18,STR-011,PRD-007,2,18.99,37.98
TXN-00072,2024-05-13,STR-002,PRD-008,4,9.99,39.96
TXN-00044,2024-05-08,STR-011,PRD-035,4,34.99,139.96
TXN-00632,2024-03-13,STR-009,PRD-011,2,89.99,179.98
TXN-00754,2024-09-09,STR-012,PRD-017,16,14.99,239.84
TXN-01359,2024-06-11,STR-003,PRD-038,10,11.99,119.9
TXN-00744,2024-06-04,,PRD-015,4,4.29,17.16
TXN-00297,2024-06-12,STR-008,PRD-015,11,4.29,47.19
TXN-01463,2024-10-25,STR-010,PRD-019,16,5.99,95.84
TXN-00505,2024-07-29,STR-006,PRD-044,6,12.99,77.94
TXN-00973,2024-10-11,STR-001,PRD-053,4,29.99,119.96
TXN-00868,2024-04-10,,PRD-009,4,24.99,99.96
TXN-01118,2024-06-19,STR-006,PRD-045,5,49.99,249.95
TXN-01323,2024-12-31,STR-004,,18,8.99,161.82
TXN-00232,2024-07-27,STR-001,PRD-019,18,5.99,107.82
TXN-00768,2024-07-16,STR-001,PRD-023,10,24.99,249.9
TXN-01093,2024-09-16,STR-004,PRD-046,2,149.99,299.98
TXN-01388,2024-09-13,STR-002,PRD-036,3,18.99,56.97
TXN-01378,2024-12-16,STR-004,PRD-020,2,7.49,14.98
TXN-00521,2024-08-06,STR-001,PRD-002,5,29.99,149.95
TXN-00837,2024-06-13,STR-010,PRD-009,1,24.99,24.99
TXN-00901,2024-11-22,STR-011,PRD-040,9,19.99,179.91
TXN-00563,2024-09-02,STR-004,PRD-037,13,12.49,162.37
TXN-01299,2024-12-17,STR-002,PRD-051,5,129.99,649.95
TXN-00359,2024-01-25,STR-008,PRD-020,4,7.49,29.96
TXN-00219,2024-08-29,STR-008,PRD-014,13,11.99,155.87
TXN-00296,2024-08-19,STR-012,PRD-035,9,34.99,314.91
TXN-00447,2024-01-19,STR-004,PRD-036,15,18.99,284.85
TXN-00867,2024-03-04,STR-009,PRD-015,15,4.29,64.35
TXN-01194,2024-04-16,STR-010,PRD-008,3,9.99,29.97
TXN-00799,2024-12-13,STR-012,PRD-013,10,6.49,64.9
TXN-00675,2024-05-06,STR-009,PRD-041,1,8.49,8.49
TXN-01271,2024-06-20,STR-012,PRD-008,4,9.99,39.96
TXN-01454,2024-02-15,STR-001,PRD-035,11,34.99,384.89
TXN-00488,2024-01-30,STR-003,PRD-041,5,8.49,42.45
TXN-01197,2024-09-27,,PRD-031,2,89.99,179.98
TXN-01017,2024-09-17,STR-012,PRD-020,16,7.49,119.84
TXN-00516,2024-10-14,STR-002,PRD-043,1,22.99,22.99
TXN-01076,2024-05-12,STR-009,PRD-002,1,29.99,29.99
TXN-01069,2024-11-26,STR-011,,11,11.99,131.89
TXN-00248,2024-10-21,STR-004,PRD-047,2,79.99,159.98
TXN-01025,2024-09-06,STR-008,PRD-028,1,189.99,189.99
TXN-01170,2024-03-18,STR-012,PRD-012,11,42.99,472.89
TXN-00230,2024-06-27,STR-003,PRD-039,2,27.99,55.98
TXN-01231,2024-01-30,STR-011,PRD-022,19,8.99,170.81
TXN-00288,2024-01-04,STR-011,PRD-036,3,18.99,56.97
TXN-00813,2024-04-15,STR-009,PRD-002,3,29.99,89.97
TXN-00185,2024-12-13,STR-011,PRD-039,7,27.99,195.93
TXN-01306,2024-09-24,STR-002,PRD-020,9,7.49,67.41
TXN-00834,2024-09-27,STR-002,PRD-008,3,9.99,29.97
TXN-00131,2024-07-14,STR-004,PRD-049,5,39.99,199.95
TXN-00611,2024-09-30,STR-003,PRD-011,4,89.99,359.96
TXN-00643,2024-10-28,STR-009,PRD-028,1,189.99,189.99
TXN-00172,2024-03-28,STR-008,PRD-048,5,99.99,499.95
TXN-00114,2024-06-24,STR-011,PRD-039,7,27.99,195.93
TXN-01337,2024-04-25,STR-003,PRD-037,12,12.49,149.88
TXN-00996,2024-07-09,STR-006,PRD-053,1,29.99,29.99
TXN-00045,2024-05-17,STR-004,PRD-047,3,79.99,239.97
TXN-00361,2024-06-27,STR-004,PRD-041,12,8.49,101.88
TXN-01128,2024-09-12,STR-004,PRD-041,14,8.49,118.86
TXN-00569,2024-10-10,STR-002,PRD-009,2,24.99,49.98
TXN-00530,2024-12-06,STR-008,PRD-045,1,49.99,49.99
TXN-00060,2024-11-11,STR-001,PRD-050,1,59.99,59.99
TXN-00280,2024-06-20,STR-012,PRD-048,1,99.99,99.99
TXN-00559,2024-06-18,STR-007,PRD-051,4,129.99,519.96
TXN-00327,2024-12-24,STR-006,PRD-037,10,12.49,124.9
TXN-01304,2024-09-06,STR-012,PRD-013,19,6.49,123.31
TXN-00076,2024-03-19,STR-011,PRD-004,3,34.99,104.97
TXN-00865,2024-02-26,STR-001,PRD-013,16,6.49,103.84
TXN-00894,2024-01-03,STR-008,PRD-039,12,27.99,335.88
TXN-01147,2024-02-14,STR-003,PRD-005,2,22.99,45.98
TXN-00995,2024-09-30,STR-005,PRD-050,2,59.99,119.98
TXN-00951,2024-10-02,STR-007,PRD-019,19,5.99,113.81
TXN-00636,2024-11-07,STR-009,PRD-024,14,9.49,132.86
TXN-00503,2024-06-25,STR-008,PRD-002,2,29.99,59.98
TXN-00057,2024-10-08,STR-004,PRD-005,5,22.99,114.95
TXN-00394,2024-01-15,STR-002,PRD-004,5,34.99,174.95
TXN-00308,2024-09-25,STR-009,PRD-039,10,27.99,279.9
TXN-00233,2024-07-13,STR-007,PRD-047,4,79.99,319.96
TXN-00489,2024-10-31,STR-008,PRD-046,5,149.99,749.95
TXN-00832,2024-12-31,STR-011,,8,24.99,199.92
TXN-00484,2024-04-09,STR-003,PRD-003,4,44.99,179.96
TXN-01232,2024-06-15,STR-012,PRD-044,1,12.99,12.99
TXN-00526,2024-08-02,STR-010,PRD-045,2,49.99,99.98
TXN-00329,2024-09-05,STR-004,PRD-029,2,549.99,1099.98
TXN-00588,2024-06-14,STR-009,PRD-049,4,39.99,159.96
TXN-01346,2024-12-09,STR-002,PRD-028,2,189.99,379.98
TXN-00845,2024-07-09,STR-001,PRD-011,4,89.99,359.96
TXN-00417,2024-06-25,STR-011,PRD-042,8,14.99,119.92
TXN-00132,2024-02-29,STR-004,PRD-022,4,8.99,35.96
TXN-00653,2024-12-18,STR-004,PRD-010,1,8.49,8.49
TXN-00841,2024-05-23,STR-009,PRD-040,13,19.99,259.87
TXN-00892,2024-03-04,STR-009,PRD-004,4,34.99,139.96
TXN-01433,2024-03-01,STR-001,PRD-023,19,24.99,474.81
TXN-00309,2024-01-22,STR-010,PRD-046,2,149.99,299.98
TXN-00493,2024-01-25,STR-009,PRD-052,4,74.99,299.96
TXN-00303,2024-10-25,STR-008,PRD-051,3,129.99,389.97
TXN-00948,2024-05-02,STR-002,PRD-019,12,5.99,71.88
TXN-00747,2024-05-20,STR-002,PRD-052,5,74.99,374.95
TXN-01479,2024-04-26,STR-003,PRD-012,8,42.99,343.92
TXN-01070,2024-10-10,STR-001,PRD-013,4,6.49,25.96
TXN-00123,2024-09-02,STR-004,PRD-005,3,22.99,68.97
TXN-01160,2024-06-10,STR-008,PRD-041,7,8.49,59.43
TXN-00889,2024-11-25,STR-010,PRD-016,12,7.99,95.88
TXN-01092,2024-01-21,STR-011,PRD-037,9,12.49,112.41
TXN-00549,2024-07-24,STR-002,PRD-045,2,49.99,99.98
TXN-00958,2024-07-10,STR-003,PRD-016,14,7.99,111.86
TXN-00437,2024-02-11,STR-009,PRD-037,11,12.49,137.39
TXN-01473,2024-03-26,STR-003,PRD-015,5,4.29,21.45
TXN-01182,2024-12-30,STR-008,PRD-038,15,11.99,179.85
TXN-00383,2024-09-10,STR-011,PRD-035,13,34.99,454.87
TXN-01058,2024-02-16,STR-010,PRD-022,12,8.99,107.88
TXN-00039,2024-02-02,STR-008,PRD-002,5,29.99,149.95
TXN-00370,2024-01-17,STR-004,PRD-038,6,11.99,71.94
TXN-01122,2024-04-26,STR-004,PRD-022,1,8.99,8.99
TXN-00929,2024-11-04,STR-011,PRD-023,12,24.99,299.88
TXN-01056,2024-12-03,STR-012,PRD-036,9,18.99,170.91
TXN-00515,2024-07-04,STR-004,PRD-011,5,89.99,449.95
TXN-01293,2024-05-04,STR-011,PRD-019,14,5.99,83.86
TXN-00849,2024-12-31,STR-003,PRD-036,11,18.99,208.89
TXN-00410,2024-08-15,STR-003,PRD-019,12,5.99,71.88
TXN-00642,2024-07-10,STR-008,PRD-011,4,89.99,359.96
TXN-01106,2024-02-07,STR-001,PRD-015,16,4.29,68.64
TXN-00887,2024-09-27,STR-007,PRD-005,4,22.99,91.96
TXN-00615,2024-02-08,STR-002,PRD-035,9,34.99,314.91
TXN-01420,2024-02-04,STR-004,PRD-038,2,11.99,23.98
TXN-00619,2024-09-18,STR-007,PRD-023,10,24.99,249.9
TXN-00158,2024-09-17,STR-003,PRD-002,5,29.99,149.95
TXN-00712,2024-10-25,STR-004,PRD-045,2,49.99,99.98
TXN-00430,2024-04-01,STR-010,PRD-044,6,12.99,77.94
TXN-00875,2024-06-04,STR-010,PRD-011,2,89.99,179.98
TXN-00974,2024-07-15,STR-001,PRD-043,7,22.99,160.93
TXN-01088,2024-11-27,STR-002,PRD-006,3,59.99,179.97
TXN-01161,2024-01-10,STR-009,PRD-025,2,349.99,699.98
TXN-00138,2024-07-10,STR-010,PRD-012,14,42.99,601.86
TXN-01468,2024-12-04,STR-002,PRD-042,4,14.99,59.96
TXN-00690,2024-10-17,STR-006,PRD-008,4,9.99,39.96
TXN-01213,2024-07-19,STR-002,PRD-036,14,18.99,265.86
TXN-00195,2024-08-07,STR-008,PRD-041,5,8.49,42.45
TXN-01185,2024-01-19,STR-011,PRD-009,4,24.99,99.96
TXN-00189,2024-03-25,STR-008,PRD-044,1,12.99,12.99
TXN-01280,2024-09-26,STR-009,PRD-010,3,8.49,25.47
TXN-00463,2024-06-05,STR-009,PRD-050,2,59.99,119.98
TXN-00824,2024-12-17,STR-003,,1,29.99,29.99
TXN-01175,2024-10-28,STR-005,PRD-048,2,99.99,199.98
TXN-00609,2024-10-09,STR-007,PRD-048,5,99.99,499.95
TXN-00098,2024-08-21,STR-004,PRD-042,8,14.99,119.92
TXN-00544,2024-06-17,STR-009,PRD-009,-2,24.99,-49.98
TXN-00589,2024-07-03,STR-009,PRD-038,10,11.99,119.9
TXN-00439,2024-10-24,STR-007,PRD-011,1,89.99,89.99
TXN-01098,2024-11-25,STR-009,PRD-050,2,59.99,119.98
TXN-00155,2024-02-22,STR-004,PRD-022,8,8.99,71.92
TXN-01302,2024-06-24,STR-009,PRD-025,2,349.99,699.98
TXN-01312,2024-07-22,STR-006,PRD-037,12,12.49,149.88
TXN-01425,2024-12-06,STR-001,PRD-021,7,3.99,27.93
TXN-00893,2024-05-20,STR-003,PRD-012,19,42.99,816.81
TXN-01482,2024-01-23,STR-004,PRD-009,1,24.99,24.99
TXN-00614,2024-12-01,STR-007,PRD-051,4,129.99,519.96
TXN-01260,2024-12-18,STR-008,PRD-023,15,24.99,374.85
TXN-00342,2024-11-18,STR-011,PRD-036,2,18.99,37.98
TXN-00696,2024-09-01,STR-002,PRD-013,19,6.49,123.31
TXN-01030,2024-03-19,STR-011,PRD-001,2,14.99,29.98
TXN-01018,2024-09-27,STR-007,PRD-035,4,34.99,139.96
TXN-00689,2024-04-02,STR-001,PRD-035,14,34.99,489.86
TXN-00422,2024-08-08,STR-012,PRD-022,1,8.99,8.99
TXN-00205,2024-03-21,STR-002,PRD-039,13,27.99,363.87
TXN-01001,2024-04-12,,PRD-035,10,34.99,349.9
TXN-00201,2024-07-19,STR-009,PRD-053,2,29.99,59.98
TXN-01173,2024-06-10,STR-010,PRD-052,3,74.99,224.97
TXN-00661,2024-09-26,STR-001,PRD-004,1,34.99,34.99
TXN-00800,2024-03-07,STR-007,PRD-045,2,49.99,99.98
TXN-01169,2024-03-13,STR-008,PRD-043,15,22.99,344.85
TXN-01373,2024-11-19,STR-001,PRD-048,2,99.99,199.98
TXN-00649,2024-03-22,STR-011,PRD-023,13,24.99,324.87
TXN-00046,2024-01-29,STR-003,PRD-006,4,59.99,239.96
TXN-01205,2024-11-13,STR-001,PRD-017,18,14.99,269.82
TXN-00962,2024-03-18,STR-002,PRD-013,9,6.49,58.41
TXN-00042,2024-02-07,STR-011,PRD-017,9,14.99,134.91
TXN-00547,2024-02-23,STR-001,PRD-008,3,9.99,29.97
TXN-00863,2024-02-29,STR-003,PRD-999,2,0.0,0.0
TXN-01055,2024-10-11,STR-004,PRD-048,5,99.99,499.95
TXN-01164,2024-06-28,STR-009,PRD-053,2,29.99,59.98
TXN-00866,2024-08-05,STR-003,PRD-018,20,12.49,249.8
TXN-00944,2024-02-16,STR-009,PRD-028,1,189.99,189.99
TXN-00077,2024-03-19,STR-010,PRD-010,1,8.49,8.49
TXN-00668,2024-06-13,STR-008,PRD-008,5,9.99,49.95
TXN-01103,2024-04-16,STR-003,PRD-041,4,8.49,33.96
TXN-00041,2024-01-31,STR-005,PRD-006,1,59.99,59.99
TXN-00348,2024-02-14,STR-011,PRD-027,1,129.99,129.99
TXN-00692,2024-04-26,STR-003,PRD-014,13,11.99,155.87
TXN-00235,2024-06-21,STR-005,PRD-052,1,74.99,74.99
TXN-00625,2024-05-12,STR-002,PRD-030,1,39.99,39.99
TXN-00135,2024-06-07,STR-003,PRD-045,1,49.99,49.99
TXN-00174,2024-07-31,STR-007,PRD-041,9,8.49,76.41
TXN-01214,2024-06-04,STR-011,PRD-011,1,89.99,89.99
TXN-01394,2024-06-05,STR-004,PRD-052,5,74.99,374.95
TXN-01328,2024-03-04,STR-002,PRD-049,2,39.99,79.98
TXN-00481,2024-03-07,STR-005,PRD-001,1,14.99,14.99
TXN-00508,2024-02-21,STR-011,PRD-023,7,24.99,174.93
TXN-00501,2024-11-14,STR-001,PRD-007,2,18.99,37.98
TXN-00116,2024-10-31,STR-009,PRD-040,1,19.99,19.99
TXN-00720,2024-06-07,STR-008,PRD-011,2,89.99,179.98
TXN-00844,2024-10-28,STR-010,PRD-013,20,6.49,129.8
TXN-00732,2024-03-28,STR-009,PRD-041,15,8.49,127.35
TXN-00707,2024-11-05,STR-005,PRD-012,4,42.99,171.96
TXN-00877,2024-10-20,STR-004,PRD-015,7,4.29,30.03
TXN-00200,2024-08-05,STR-001,PRD-023,16,24.99,399.84
TXN-00780,2024-07-03,STR-009,PRD-012,9,42.99,386.91
TXN-00699,2024-08-23,STR-004,PRD-003,5,44.99,224.95
TXN-01281,2024-10-17,STR-002,PRD-001,5,14.99,74.95
TXN-00056,2024-01-30,STR-002,PRD-047,4,79.99,319.96
TXN-01196,2024-08-26,STR-009,PRD-008,5,9.99,49.95
TXN-00715,2024-10-05,STR-011,PRD-001,3,14.99,44.97
TXN-00751,2024-12-19,STR-003,PRD-008,3,9.99,29.97
TXN-00263,2024-12-11,STR-012,PRD-015,14,4.29,60.06
TXN-00093,2024-03-06,STR-008,PRD-041,5,8.49,42.45
TXN-01486,2024-04-15,STR-004,PRD-024,1,9.49,9.49
TXN-00058,2024-04-08,STR-002,PRD-048,1,99.99,99.99
TXN-00126,2024-09-05,STR-001,PRD-044,1,12.99,12.99
TXN-00657,2024-05-23,STR-011,PRD-006,3,59.99,179.97
TXN-00583,2024-12-13,STR-010,PRD-035,1,34.99,34.99
TXN-00723,2024-07-18,STR-008,PRD-022,5,8.99,44.95
TXN-01264,2024-02-26,STR-008,PRD-045,1,49.99,49.99
TXN-00774,2024-09-25,STR-009,PRD-011,5,89.99,449.95
TXN-01211,2024-10-24,STR-004,PRD-038,12,11.99,143.88
TXN-01014,2024-05-11,STR-009,PRD-012,4,42.99,171.96
TXN-00540,2024-08-26,STR-011,PRD-016,12,7.99,95.88
TXN-00802,2024-06-11,STR-009,PRD-023,12,24.99,299.88
TXN-00115,2024-08-09,STR-009,PRD-047,1,79.99,79.99
TXN-01038,2024-10-11,STR-004,PRD-021,12,3.99,47.88
TXN-00321,2024-04-04,STR-004,PRD-024,16,9.49,151.84
TXN-01152,2024-03-14,STR-001,PRD-031,1,89.99,89.99
TXN-01464,2024-03-04,STR-009,PRD-042,12,14.99,179.88
TXN-00963,2024-10-01,STR-009,PRD-048,5,99.99,499.95
TXN-01172,2024-03-18,STR-001,PRD-023,14,24.99,349.86
TXN-01105,2024-11-08,STR-007,PRD-005,3,22.99,68.97
TXN-01135,2024-07-26,STR-010,PRD-048,5,99.99,499.95
TXN-01352,2024-10-14,STR-008,PRD-041,9,8.49,76.41
TXN-01421,2024-04-04,STR-007,PRD-007,1,18.99,18.99
TXN-01383,2024-04-02,STR-004,PRD-003,4,44.99,179.96
TXN-01166,2024-10-30,STR-004,PRD-036,5,18.99,94.95
TXN-00225,2024-11-28,STR-001,PRD-999,15,0.0,0.0
TXN-00999,2024-02-16,STR-012,PRD-021,18,3.99,71.82
TXN-00797,2024-04-26,STR-011,PRD-052,4,74.99,299.96
TXN-00640,2024-01-29,STR-006,PRD-041,7,8.49,59.43
TXN-01448,2024-08-14,STR-009,PRD-033,-2,34.99,-69.98
TXN-00883,2024-04-15,STR-007,PRD-012,10,42.99,429.9
TXN-01500,2024-09-09,STR-009,PRD-013,1,6.49,6.49
TXN-00337,2024-05-03,STR-009,PRD-007,3,18.99,56.97
TXN-01434,2024-05-17,STR-009,PRD-013,7,6.49,45.43
TXN-01351,2024-11-10,STR-006,PRD-041,7,8.49,59.43
TXN-01141,2024-11-21,STR-011,PRD-018,8,12.49,99.92
TXN-00363,2024-11-14,STR-004,PRD-044,5,12.99,64.95
TXN-00068,2024-12-12,STR-011,PRD-001,5,14.99,74.95
TXN-00074,2024-05-17,STR-004,PRD-037,9,12.49,112.41
TXN-00942,2024-09-06,STR-004,PRD-028,2,189.99,379.98
TXN-00907,2024-02-20,STR-004,,9,12.99,116.91
TXN-00771,2024-02-16,STR-004,PRD-037,4,12.49,49.96
TXN-00645,2024-01-22,STR-002,PRD-035,9,34.99,314.91
TXN-00922,2024-03-14,STR-003,PRD-004,1,34.99,34.99
TXN-00786,2024-06-10,STR-007,PRD-036,15,18.99,284.85
TXN-00244,2024-07-09,STR-002,PRD-035,5,34.99,174.95
TXN-00882,2024-01-12,STR-009,PRD-012,2,42.99,85.98
TXN-00065,2024-02-22,STR-002,PRD-044,4,12.99,51.96
TXN-00037,2024-04-16,STR-008,PRD-035,11,34.99,384.89
TXN-01120,2024-07-29,STR-001,PRD-003,3,44.99,134.97
TXN-01108,2024-08-07,STR-009,PRD-005,5,22.99,114.95
TXN-00704,2024-09-13,STR-009,PRD-045,5,49.99,249.95
TXN-01111,2024-04-10,STR-004,PRD-043,11,22.99,252.89
TXN-00536,2024-07-24,STR-011,PRD-023,13,24.99,324.87
TXN-01034,2024-05-14,STR-011,PRD-051,1,129.99,129.99
TXN-01005,2024-10-24,STR-011,PRD-017,11,14.99,164.89
TXN-01020,2024-10-14,STR-001,PRD-041,6,8.49,50.94
TXN-01356,2024-10-10,STR-004,PRD-047,2,79.99,159.98
TXN-00602,2024-02-29,STR-012,PRD-009,3,24.99,74.97
TXN-00414,2024-11-26,STR-003,PRD-010,1,8.49,8.49
TXN-00955,2024-07-01,STR-011,PRD-040,15,19.99,299.85
TXN-01009,2024-01-04,STR-007,PRD-018,10,12.49,124.9
TXN-01065,2024-08-12,STR-006,PRD-042,13,14.99,194.87
TXN-01354,2024-01-23,STR-009,PRD-010,2,8.49,16.98
TXN-00157,2024-01-29,STR-012,PRD-021,5,3.99,19.95
TXN-00198,2024-06-25,STR-012,PRD-044,7,12.99,90.93
TXN-01277,2024-04-18,STR-008,PRD-022,19,8.99,170.81
TXN-01274,2024-02-01,STR-002,PRD-015,5,4.29,21.45
TXN-00621,2024-12-27,STR-002,PRD-004,1,34.99,34.99
TXN-00313,2024-03-25,STR-009,PRD-030,2,39.99,79.98
TXN-00670,2024-11-26,STR-006,PRD-039,6,27.99,167.94
TXN-01392,2024-01-31,STR-007,PRD-011,1,89.99,89.99
TXN-01239,2024-07-17,STR-001,PRD-015,3,4.29,12.87
TXN-00784,2024-12-27,STR-001,PRD-040,15,19.99,299.85
TXN-00367,2024-12-03,STR-009,PRD-028,1,189.99,189.99
TXN-00055,2024-01-31,STR-012,PRD-044,1,12.99,12.99
TXN-01389,2024-11-19,STR-010,PRD-013,13,6.49,84.37
TXN-01021,2024-12-30,STR-004,PRD-038,2,11.99,23.98
TXN-00140,2024-09-03,STR-010,PRD-048,3,99.99,299.97
TXN-00109,2024-09-09,STR-010,PRD-019,8,5.99,47.92
TXN-00204,2024-01-08,STR-004,PRD-035,14,34.99,489.86
TXN-00061,2024-11-05,STR-012,PRD-043,6,22.99,137.94
TXN-00276,2024-06-12,STR-008,PRD-024,1,9.49,9.49
TXN-01287,2024-12-20,STR-003,PRD-011,1,89.99,89.99
TXN-00473,2024-08-29,STR-012,PRD-005,5,22.99,114.95
TXN-01019,2024-03-07,STR-002,PRD-043,13,22.99,298.87
TXN-01003,2024-06-04,STR-008,PRD-009,5,24.99,124.95
TXN-00514,2024-12-05,STR-011,PRD-038,3,11.99,35.97
TXN-00251,2024-01-13,STR-003,PRD-002,3,29.99,89.97
TXN-00222,2024-10-26,STR-002,PRD-049,4,39.99,159.96
TXN-00932,2024-12-16,STR-008,PRD-047,2,79.99,159.98
TXN-00302,2024-10-25,STR-012,PRD-037,11,12.49,137.39
TXN-00572,2024-04-26,STR-011,PRD-042,9,14.99,134.91
TXN-01048,2024-02-02,STR-011,PRD-999,1,0.0,0.0
TXN-00993,2024-04-02,STR-011,PRD-037,1,12.49,12.49
TXN-00829,2024-03-02,STR-007,PRD-009,1,24.99,24.99
TXN-01236,2024-03-01,STR-008,PRD-022,2,8.99,17.98
TXN-01366,2024-07-15,STR-012,PRD-013,15,6.49,97.35
TXN-00975,2024-09-12,STR-009,PRD-024,19,9.49,180.31
TXN-00730,2024-05-11,STR-002,PRD-024,9,9.49,85.41
TXN-00820,2024-03-27,STR-009,PRD-002,2,29.99,59.98
TXN-01319,2024-12-03,STR-009,PRD-036,10,18.99,189.9
TXN-00560,2024-05-08,STR-008,PRD-031,2,89.99,179.98
TXN-01216,2024-04-19,STR-002,PRD-009,5,24.99,124.95
TXN-01192,2024-10-16,STR-003,PRD-035,7,34.99,244.93
TXN-01462,2024-09-18,STR-002,PRD-048,3,99.99,299.97
TXN-00571,2024-06-24,STR-010,PRD-009,1,24.99,24.99
TXN-01023,2024-07-19,STR-012,PRD-008,3,9.99,29.97
TXN-00870,2024-03-12,STR-011,PRD-001,5,14.99,74.95
TXN-00477,2024-09-06,STR-001,PRD-021,14,3.99,55.86
TXN-00252,2024-05-06,STR-012,PRD-023,1,24.99,24.99
TXN-00828,2024-03-13,STR-009,PRD-008,5,9.99,49.95
TXN-01219,2024-05-16,STR-011,PRD-046,5,149.99,749.95
TXN-00411,2024-07-12,STR-001,PRD-035,1,34.99,34.99
TXN-00694,2024-02-08,STR-001,PRD-006,2,59.99,119.98
TXN-00408,2024-01-25,STR-002,PRD-021,16,3.99,63.84
TXN-00745,2024-12-04,STR-007,PRD-007,4,18.99,75.96
TXN-00133,2024-06-13,STR-012,PRD-031,2,89.99,179.98
TXN-00346,2024-03-15,STR-007,PRD-036,1,18.99,18.99
TXN-00209,2024-11-29,STR-007,PRD-016,3,7.99,23.97
TXN-01210,2024-03-26,STR-007,PRD-049,5,39.99,199.95
TXN-01424,2024-10-14,STR-003,PRD-040,6,19.99,119.94
TXN-00821,2024-03-09,STR-004,PRD-002,5,29.99,149.95
TXN-00809,2024-04-03,STR-008,PRD-051,-1,129.99,-129.99
TXN-00294,2024-06-20,STR-004,PRD-050,4,59.99,239.96
TXN-00245,2024-03-05,STR-010,PRD-008,2,9.99,19.98
TXN-00175,2024-02-12,STR-001,PRD-036,12,18.99,227.88
TXN-01386,2024-06-20,STR-005,PRD-008,2,9.99,19.98
TXN-01349,2024-02-26,STR-009,PRD-041,2,8.49,16.98
TXN-01071,2024-03-06,STR-010,PRD-001,2,14.99,29.98
TXN-00898,2024-04-06,STR-011,PRD-006,5,59.99,299.95
TXN-00812,2024-08-01,STR-010,PRD-040,7,19.99,139.93,EXTRA_FIELD
TXN-00216,2024-12-19,STR-001,PRD-039,15,27.99,419.85
TXN-01377,2024-10-12,STR-011,PRD-015,15,4.29,64.35
TXN-01007,2024-05-16,STR-002,PRD-032,1,64.99,64.99
