id,region,product,amount_cents
490121,North,Doohickey,678
490123,North,Gizmo,839
490134,North,Widget,846
490150,North,Doohickey,591
490162,North,Gizmo,733
490176,North,Widget,751
490212,North,Gadget,936
490215,North,Doohickey,955
490226,North,Gizmo,775
490236,North,Doohickey,958
490252,North,Widget,553
490257,North,Gizmo,775
490262,North,Gadget,790
490266,North,Gadget,583
490276,North,Doohickey,907
490278,North,Gizmo,818
490288,North,Gadget,577
490315,North,Widget,697
490316,North,Doohickey,607
490338,North,Widget,572
490340,North,Widget,529
490341,North,Gizmo,869
490348,North,Gadget,617
490353,North,Gizmo,705
490355,North,Doohickey,741
490358,North,Widget,723
490363,North,Gizmo,516
490377,North,Gizmo,971
490383,North,Widget,670
490385,North,Gadget,549
490387,North,Doohickey,874
490389,North,Widget,761
490407,North,Gizmo,886
490410,North,Widget,507
490413,North,Gizmo,911
490416,North,Widget,539
490428,North,Gadget,792
490430,North,Widget,783
490451,North,Gizmo,614
490467,North,Doohickey,504
490469,North,Gizmo,520
490472,North,Gizmo,816
490481,North,Widget,911
490488,North,Gadget,717
490491,North,Widget,953
490497,North,Gadget,724
490511,North,Doohickey,840
490513,North,Widget,869
490515,North,Doohickey,824
490521,North,Gizmo,778
490525,North,Gizmo,955
490528,North,Doohickey,742
490542,North,Doohickey,847
490546,North,Gadget,542
490570,North,Gizmo,594
490573,North,Gizmo,921
490577,North,Doohickey,892
490600,North,Gadget,832
490601,North,Widget,532
490617,North,Widget,796
490640,North,Gizmo,868
490645,North,Doohickey,901
490670,North,Widget,819
490672,North,Doohickey,629
490675,North,Doohickey,981
490682,North,Widget,523
490691,North,Doohickey,759
490697,North,Widget,760
490701,North,Widget,977
490722,North,Gizmo,605
490739,North,Widget,965
490766,North,Doohickey,565
490768,North,Widget,896
490787,North,Widget,520
490793,North,Doohickey,781
490795,North,Gadget,605
490800,North,Gadget,783
490801,North,Gizmo,805
490804,North,Gadget,843
490814,North,Doohickey,546
490830,North,Gadget,565
490831,North,Gizmo,564
490840,North,Widget,882
490841,North,Widget,871
490849,North,Doohickey,907
490857,North,Gadget,552
490894,North,Gadget,964
490897,North,Doohickey,871
490906,North,Gizmo,555
490932,North,Doohickey,558
490942,North,Doohickey,525
490943,North,Widget,602
490946,North,Gizmo,971
490949,North,Gizmo,739
490960,North,Gadget,886
490963,North,Gadget,674
490975,North,Gadget,976
490980,North,Doohickey,796
490982,North,Gizmo,591
490986,North,Doohickey,960
490987,North,Gadget,891
490997,North,Gizmo,802
491002,North,Gadget,877
491008,North,Doohickey,654
491011,North,Widget,527
491012,North,Widget,891
491014,North,Doohickey,738
491016,North,Doohickey,765
491018,North,Gadget,730
491019,North,Widget,939
491033,North,Doohickey,791
491048,North,Gadget,580
491050,North,Doohickey,560
491064,North,Doohickey,776
491066,North,Gizmo,533
491070,North,Gadget,509
491072,North,Gizmo,568
491076,North,Gizmo,593
491077,North,Widget,852
491097,North,Gizmo,885
491102,North,Widget,785
491109,North,Gadget,537
491116,North,Gizmo,992
491122,North,Widget,509
491124,North,Gadget,657
491129,North,Doohickey,803
491139,North,Doohickey,980
491146,North,Widget,826
491149,North,Widget,762
491150,North,Doohickey,917
491152,North,Gizmo,913
491156,North,Doohickey,514
491160,North,Doohickey,706
491179,North,Gizmo,827
491181,North,Doohickey,530
491185,North,Widget,564
491207,North,Gadget,657
491218,North,Gizmo,586
491220,North,Gizmo,604
491224,North,Widget,509
491228,North,Doohickey,888
491242,North,Doohickey,939
491268,North,Gizmo,601
491283,North,Widget,694
491284,North,Widget,676
491286,North,Gadget,941
491292,North,Gadget,977
491311,North,Gizmo,838
491315,North,Doohickey,530
491329,North,Widget,505
491332,North,Doohickey,794
491335,North,Doohickey,678
491350,North,Gizmo,989
491360,North,Gadget,803
491371,North,Doohickey,785
491376,North,Widget,727
491380,North,Widget,518
491387,North,Widget,922
491393,North,Gadget,891
491396,North,Gadget,763
491399,North,Doohickey,741
491403,North,Gadget,727
491406,North,Gadget,844
491408,North,Doohickey,539
491409,North,Doohickey,654
491423,North,Gadget,784
491424,North,Gadget,944
491429,North,Widget,847
491438,North,Doohickey,544
491470,North,Gadget,997
491473,North,Doohickey,825
491476,North,Gizmo,923
491477,North,Gizmo,690
491489,North,Doohickey,809
491491,North,Doohickey,739
491509,North,Widget,822
491511,North,Gadget,596
491519,North,Widget,584
491524,North,Widget,728
491532,North,Doohickey,745
491536,North,Gadget,696
491538,North,Gizmo,935
491545,North,Gadget,984
491547,North,Doohickey,857
491550,North,Gadget,578
491551,North,Gizmo,698
491559,North,Gadget,762
491567,North,Widget,708
491568,North,Gizmo,740
491575,North,Widget,794
491584,North,Widget,765
491592,North,Gizmo,997
491616,North,Gadget,999
491646,North,Gizmo,852
491655,North,Gadget,803
491674,North,Widget,632
491682,North,Gizmo,518
491694,North,Widget,884
491698,North,Doohickey,993
491704,North,Doohickey,604
491708,North,Widget,578
491709,North,Widget,712
491715,North,Gizmo,612
491722,North,Widget,966
491732,North,Doohickey,992
491738,North,Widget,811
491740,North,Gizmo,955
491744,North,Widget,557
491745,North,Doohickey,554
491768,North,Gizmo,764
491771,North,Widget,940
491780,North,Widget,953
491792,North,Widget,952
491794,North,Widget,712
491795,North,Gizmo,878
491796,North,Gadget,967
491800,North,Gizmo,978
491806,North,Doohickey,890
491823,North,Widget,847
491850,North,Doohickey,866
491851,North,Doohickey,810
491857,North,Doohickey,661
491858,North,Widget,572
491861,North,Doohickey,732
491886,North,Gizmo,946
491888,North,Gadget,680
491897,North,Gadget,836
491901,North,Gizmo,828
491905,North,Gadget,776
491919,North,Gizmo,944
491933,North,Widget,958
491954,North,Doohickey,759
491957,North,Gizmo,765
491969,North,Widget,899
491976,North,Gizmo,774
491995,North,Widget,844
492001,North,Doohickey,880
492003,North,Gadget,619
492008,North,Doohickey,630
492017,North,Gadget,581
492019,North,Doohickey,907
492024,North,Gizmo,674
492032,North,Gizmo,825
492037,North,Doohickey,756
492039,North,Gizmo,752
492048,North,Doohickey,819
492051,North,Gadget,902
492053,North,Gadget,584
492055,North,Doohickey,901
492061,North,Widget,735
492062,North,Doohickey,988
492080,North,Widget,948
492083,North,Gadget,802
492090,North,Gizmo,863
492091,North,Doohickey,774
492100,North,Widget,515
492105,North,Gizmo,866
492132,North,Doohickey,999
492140,North,Widget,886
492143,North,Gizmo,724
492145,North,Doohickey,923
492146,North,Doohickey,527
492161,North,Doohickey,742
492172,North,Gadget,733
492178,North,Gadget,589
492190,North,Widget,877
492191,North,Doohickey,797
492192,North,Gizmo,664
492212,North,Gizmo,701
492215,North,Gizmo,692
492232,North,Doohickey,689
492236,North,Widget,537
492265,North,Gizmo,558
492284,North,Gizmo,708
492289,North,Gizmo,579
492291,North,Gadget,573
492302,North,Gizmo,822
492307,North,Doohickey,860
492310,North,Doohickey,982
492313,North,Gizmo,609
492336,North,Widget,601
492338,North,Gadget,641
492351,North,Widget,633
492358,North,Gadget,773
492375,North,Doohickey,722
492386,North,Widget,579
492407,North,Gizmo,512
492411,North,Doohickey,674
492414,North,Doohickey,836
492415,North,Gizmo,532
492422,North,Gizmo,972
492435,North,Gadget,805
492437,North,Gizmo,709
492440,North,Doohickey,659
492447,North,Widget,868
492451,North,Gizmo,733
492454,North,Widget,959
492455,North,Widget,670
492458,North,Doohickey,610
492462,North,Doohickey,653
492468,North,Doohickey,673
492478,North,Doohickey,741
492494,North,Gizmo,675
492499,North,Widget,791
492508,North,Widget,697
492517,North,Doohickey,694
492534,North,Gadget,751
492540,North,Widget,818
492543,North,Gizmo,527
492551,North,Gadget,742
492557,North,Doohickey,526
492564,North,Doohickey,687
492570,North,Doohickey,816
492571,North,Gadget,659
492577,North,Gadget,932
492607,North,Gadget,626
492608,North,Gadget,736
492614,North,Gadget,616
492622,North,Widget,803
492623,North,Gizmo,978
492626,North,Gadget,670
492632,North,Doohickey,807
492633,North,Gizmo,703
492634,North,Doohickey,706
492638,North,Gadget,909
492650,North,Widget,878
492655,North,Gadget,747
492657,North,Gizmo,792
492658,North,Gadget,775
492664,North,Widget,514
492699,North,Widget,504
492702,North,Gizmo,953
492718,North,Doohickey,552
492727,North,Widget,816
492728,North,Gizmo,763
492740,North,Doohickey,809
492745,North,Widget,597
492763,North,Widget,890
492764,North,Widget,642
492790,North,Widget,779
492795,North,Gadget,749
492805,North,Gizmo,919
492809,North,Doohickey,849
492815,North,Gizmo,996
492816,North,Gadget,785
492817,North,Gadget,564
492825,North,Gizmo,560
492832,North,Widget,989
492838,North,Gizmo,674
492841,North,Gizmo,591
492842,North,Widget,953
492843,North,Gizmo,801
492847,North,Widget,616
492859,North,Widget,780
492887,North,Gizmo,636
492891,North,Doohickey,707
492897,North,Widget,905
492903,North,Gadget,786
492905,North,Doohickey,544
492907,North,Doohickey,521
492920,North,Gizmo,974
492924,North,Widget,729
492936,North,Widget,640
492937,North,Widget,884
492948,North,Doohickey,521
492964,North,Gadget,871
492991,North,Gadget,673
492997,North,Gizmo,969
493000,North,Gadget,793
493010,North,Doohickey,748
493018,North,Doohickey,713
493020,North,Gadget,967
493056,North,Widget,580
493062,North,Doohickey,568
493079,North,Widget,815
493089,North,Widget,890
493109,North,Doohickey,850
493113,North,Gadget,913
493119,North,Gizmo,772
493125,North,Widget,545
493128,North,Doohickey,938
493132,North,Gadget,643
493140,North,Widget,537
493146,North,Widget,540
493147,North,Gizmo,760
493149,North,Gizmo,864
493152,North,Doohickey,635
493156,North,Widget,982
493164,North,Doohickey,508
493170,North,Gizmo,615
493174,North,Gizmo,539
493189,North,Gizmo,529
493204,North,Widget,827
493213,North,Doohickey,636
493224,North,Widget,563
493229,North,Gizmo,802
493243,North,Doohickey,769
493246,North,Doohickey,697
493251,North,Doohickey,777
493263,North,Gizmo,550
493270,North,Gizmo,944
493277,North,Gadget,512
493287,North,Widget,720
493293,North,Gadget,781
493298,North,Gadget,666
493306,North,Widget,556
493307,North,Widget,973
493323,North,Gizmo,715
493328,North,Gadget,641
493334,North,Gadget,758
493361,North,Doohickey,713
493380,North,Gizmo,843
493384,North,Doohickey,558
493385,North,Widget,631
493398,North,Gizmo,831
493403,North,Gizmo,687
493411,North,Widget,565
493420,North,Gizmo,694
493422,North,Widget,861
493429,North,Doohickey,505
493456,North,Gizmo,772
493464,North,Gizmo,948
493473,North,Gadget,821
493478,North,Gadget,600
493491,North,Gizmo,650
493494,North,Widget,924
493498,North,Doohickey,726
493505,North,Gizmo,830
493530,North,Gizmo,988
493535,North,Widget,952
493538,North,Widget,652
493542,North,Doohickey,713
493544,North,Gadget,566
493547,North,Gadget,674
493550,North,Doohickey,905
493552,North,Gadget,698
493554,North,Doohickey,575
493555,North,Gizmo,892
493558,North,Gizmo,956
493567,North,Gadget,823
493573,North,Gadget,687
493579,North,Gadget,558
493580,North,Gadget,835
493583,North,Gizmo,936
493586,North,Widget,802
493587,North,Doohickey,914
493589,North,Doohickey,635
493603,North,Gadget,932
493625,North,Doohickey,806
493631,North,Doohickey,742
493655,North,Gizmo,626
493659,North,Gadget,982
493688,North,Doohickey,905
493689,North,Gadget,613
493690,North,Doohickey,630
493691,North,Widget,877
493696,North,Doohickey,826
493704,North,Gadget,756
493708,North,Gizmo,594
493709,North,Gadget,535
493717,North,Gadget,608
493724,North,Widget,772
493727,North,Gizmo,785
493737,North,Widget,587
493743,North,Gadget,520
493763,North,Widget,615
493781,North,Doohickey,677
493790,North,Gadget,608
493797,North,Gizmo,818
493820,North,Gadget,986
493825,North,Gizmo,825
493845,North,Doohickey,758
493847,North,Gadget,974
493850,North,Doohickey,783
493852,North,Gadget,570
493859,North,Widget,597
493863,North,Widget,574
493892,North,Widget,609
493903,North,Gadget,773
493912,North,Gizmo,785
493921,North,Widget,652
493923,North,Gizmo,621
493939,North,Doohickey,618
493954,North,Widget,549
493963,North,Widget,867
493965,North,Doohickey,938
493967,North,Widget,939
493982,North,Doohickey,703
493984,North,Gadget,778
493989,North,Gizmo,892
494011,North,Widget,565
494012,North,Doohickey,642
494015,North,Gizmo,599
494033,North,Gizmo,625
494034,North,Doohickey,828
494047,North,Gadget,811
494053,North,Gizmo,626
494059,North,Doohickey,548
494069,North,Doohickey,619
494073,North,Gizmo,832
494074,North,Gadget,656
494090,North,Doohickey,543
494098,North,Gadget,703
494125,North,Widget,834
494130,North,Widget,680
494133,North,Doohickey,587
494140,North,Widget,632
494141,North,Widget,930
494148,North,Doohickey,525
494155,North,Gadget,752
494159,North,Gadget,836
494160,North,Doohickey,684
494166,North,Gadget,681
494168,North,Doohickey,964
494175,North,Gizmo,744
494185,North,Widget,931
494191,North,Doohickey,843
494201,North,Widget,872
494204,North,Doohickey,744
494209,North,Widget,743
494213,North,Gizmo,994
494227,North,Gizmo,751
494237,North,Gadget,604
494249,North,Gadget,782
494252,North,Widget,734
494254,North,Widget,569
494264,North,Doohickey,880
494281,North,Gadget,531
494283,North,Gizmo,838
494291,North,Gadget,792
494305,North,Gadget,951
494311,North,Widget,528
494313,North,Doohickey,814
494332,North,Gadget,650
494338,North,Widget,735
494343,North,Gadget,932
494344,North,Gadget,539
494347,North,Gadget,609
494348,North,Doohickey,544
494351,North,Gizmo,974
494354,North,Widget,585
494357,North,Gadget,858
494363,North,Gizmo,806
494367,North,Gadget,657
494370,North,Gadget,960
494371,North,Gadget,501
494388,North,Gadget,913
494391,North,Widget,637
494396,North,Doohickey,733
494405,North,Doohickey,717
494417,North,Gadget,733
494420,North,Gadget,696
494431,North,Widget,784
494435,North,Gadget,662
494436,North,Gizmo,536
494439,North,Widget,847
494459,North,Gadget,853
494465,North,Doohickey,629
494467,North,Gadget,832
494474,North,Gadget,942
494494,North,Gizmo,624
494516,North,Gadget,528
494538,North,Doohickey,994
494550,North,Gizmo,866
494565,North,Widget,661
494569,North,Gadget,798
494577,North,Gadget,903
494586,North,Gizmo,878
494594,North,Gadget,778
494603,North,Gadget,522
494608,North,Gadget,723
494609,North,Widget,903
494612,North,Gadget,866
494615,North,Gadget,814
494623,North,Widget,890
494662,North,Doohickey,684
494664,North,Gizmo,864
494667,North,Gizmo,599
494670,North,Gadget,609
494672,North,Widget,735
494674,North,Widget,623
494684,North,Doohickey,788
494685,North,Doohickey,880
494693,North,Doohickey,991
494704,North,Gizmo,830
494705,North,Doohickey,669
494708,North,Doohickey,637
494724,North,Doohickey,866
494728,North,Doohickey,699
494730,North,Widget,781
494733,North,Doohickey,667
494737,North,Widget,849
494739,North,Widget,841
494758,North,Gadget,597
494763,North,Gizmo,861
494773,North,Doohickey,866
494775,North,Widget,991
494781,North,Gizmo,971
494840,North,Doohickey,871
494867,North,Doohickey,517
494869,North,Widget,607
494905,North,Doohickey,511
494907,North,Widget,595
494914,North,Gizmo,616
494915,North,Gizmo,725
494923,North,Gadget,961
494924,North,Widget,519
494930,North,Gizmo,759
494939,North,Widget,800
494947,North,Gizmo,709
494950,North,Gizmo,537
494960,North,Doohickey,601
494967,North,Gizmo,935
494975,North,Gadget,622
494984,North,Widget,585
494993,North,Gadget,924
494997,North,Widget,789
495025,North,Widget,802
495034,North,Doohickey,787
495038,North,Gadget,503
495042,North,Widget,810
495044,North,Widget,822
495046,North,Widget,930
495087,North,Widget,940
495092,North,Gadget,786
495103,North,Gizmo,983
495107,North,Widget,949
495116,North,Doohickey,813
495137,North,Gadget,952
495140,North,Doohickey,998
495145,North,Gizmo,918
495155,North,Gizmo,573
495160,North,Widget,957
495166,North,Gizmo,773
495177,North,Gizmo,985
495182,North,Doohickey,869
495188,North,Doohickey,627
495191,North,Doohickey,708
495201,North,Widget,606
495214,North,Widget,631
495230,North,Doohickey,537
495235,North,Gizmo,764
495241,North,Gadget,774
495243,North,Gizmo,760
495246,North,Gadget,507
495248,North,Gadget,574
495259,North,Doohickey,906
495273,North,Doohickey,952
495288,North,Doohickey,712
495294,North,Gadget,791
495298,North,Gadget,832
495301,North,Doohickey,911
495308,North,Gizmo,780
495342,North,Gizmo,915
495349,North,Gizmo,846
495352,North,Gizmo,802
495355,North,Gizmo,839
495368,North,Doohickey,986
495374,North,Gizmo,592
495382,North,Gadget,910
495398,North,Widget,983
495409,North,Doohickey,771
495414,North,Gizmo,898
495415,North,Gadget,652
495418,North,Widget,824
495425,North,Gizmo,791
495426,North,Doohickey,526
495431,North,Widget,596
495459,North,Doohickey,782
495461,North,Widget,865
495485,North,Widget,801
495492,North,Widget,753
495501,North,Widget,901
495509,North,Doohickey,598
495512,North,Doohickey,994
495513,North,Gadget,925
495519,North,Widget,739
495520,North,Widget,660
495536,North,Widget,556
495556,North,Widget,853
495560,North,Gadget,607
495561,North,Widget,524
495579,North,Widget,709
495581,North,Widget,559
495585,North,Widget,816
495588,North,Gizmo,651
495593,North,Doohickey,877
495597,North,Widget,655
495620,North,Gadget,872
495626,North,Gadget,948
495639,North,Gizmo,705
495653,North,Widget,775
495662,North,Gizmo,769
495663,North,Gizmo,768
495672,North,Doohickey,940
495678,North,Doohickey,653
495680,North,Widget,509
495684,North,Gizmo,712
495704,North,Doohickey,842
495718,North,Gizmo,851
495740,North,Widget,546
495758,North,Widget,585
495761,North,Gizmo,958
495770,North,Gadget,660
495793,North,Widget,584
495797,North,Doohickey,743
495802,North,Gadget,513
495815,North,Gizmo,926
495816,North,Gadget,616
495820,North,Doohickey,964
495861,North,Gadget,632
495880,North,Gizmo,964
495888,North,Gadget,676
495892,North,Gadget,967
495893,North,Gizmo,692
495925,North,Widget,677
495933,North,Widget,832
495949,North,Gadget,747
495961,North,Doohickey,569
495963,North,Doohickey,595
495964,North,Doohickey,698
495967,North,Gadget,593
495968,North,Widget,750
495981,North,Doohickey,724
495983,North,Gadget,869
495994,North,Gizmo,524
496009,North,Gadget,759
496010,North,Gizmo,605
496015,North,Doohickey,751
496023,North,Doohickey,800
496029,North,Doohickey,894
496033,North,Gizmo,956
496042,North,Widget,793
496050,North,Gadget,566
496056,North,Doohickey,919
496057,North,Doohickey,934
496066,North,Gadget,539
496071,North,Gizmo,687
496083,North,Gizmo,727
496097,North,Gadget,636
496110,North,Widget,885
496117,North,Gadget,733
496121,North,Gadget,723
496126,North,Doohickey,618
496127,North,Gadget,518
496130,North,Gadget,725
496131,North,Gadget,678
496136,North,Widget,952
496141,North,Doohickey,898
496145,North,Gizmo,667
496151,North,Doohickey,796
496154,North,Doohickey,512
496164,North,Widget,880
496169,North,Widget,957
496171,North,Gadget,922
496182,North,Doohickey,866
496189,North,Doohickey,805
496223,North,Widget,726
496228,North,Widget,681
496232,North,Doohickey,874
496236,North,Gadget,966
496254,North,Widget,541
496256,North,Widget,965
496263,North,Gizmo,847
496281,North,Gadget,675
496285,North,Gadget,893
496296,North,Widget,761
496300,North,Gadget,881
496322,North,Doohickey,861
496332,North,Gizmo,834
496333,North,Gadget,622
496341,North,Gadget,861
496346,North,Gadget,758
496348,North,Gizmo,902
496355,North,Gizmo,539
496366,North,Widget,948
496367,North,Gizmo,813
496371,North,Doohickey,827
496379,North,Doohickey,861
496381,North,Widget,871
496383,North,Gadget,958
496385,North,Gizmo,659
496390,North,Gizmo,682
496402,North,Widget,864
496403,North,Widget,735
496406,North,Doohickey,981
496408,North,Gadget,701
496410,North,Widget,865
496415,North,Doohickey,935
496417,North,Widget,582
496428,North,Widget,875
496434,North,Gizmo,909
496436,North,Gizmo,697
496459,North,Doohickey,956
496496,North,Gizmo,600
496498,North,Doohickey,761
496499,North,Doohickey,916
496503,North,Doohickey,509
496504,North,Gadget,551
496508,North,Gizmo,563
496519,North,Widget,605
496525,North,Gizmo,919
496531,North,Doohickey,819
496540,North,Gadget,542
496542,North,Gadget,679
496544,North,Gadget,891
496546,North,Widget,803
496552,North,Gadget,757
496553,North,Gadget,824
496562,North,Gadget,665
496586,North,Gizmo,927
496600,North,Gizmo,763
496605,North,Widget,730
496613,North,Doohickey,702
496614,North,Gadget,633
496617,North,Widget,988
496618,North,Widget,508
496647,North,Doohickey,672
496652,North,Doohickey,909
496668,North,Gizmo,874
496672,North,Widget,747
496677,North,Doohickey,913
496684,North,Gizmo,794
496687,North,Gadget,835
496692,North,Gadget,597
496700,North,Widget,983
496704,North,Widget,963
496715,North,Gadget,896
496726,North,Gadget,669
496733,North,Gizmo,632
496736,North,Doohickey,843
496738,North,Widget,780
496739,North,Doohickey,803
496756,North,Gizmo,968
496757,North,Widget,763
496762,North,Widget,957
496774,North,Doohickey,997
496779,North,Widget,869
496798,North,Gadget,859
496803,North,Gadget,611
496805,North,Gizmo,617
496813,North,Widget,575
496819,North,Gizmo,540
496824,North,Doohickey,522
496834,North,Gadget,541
496842,North,Gizmo,547
496846,North,Widget,757
496853,North,Widget,931
496869,North,Gadget,982
496896,North,Doohickey,886
496904,North,Gizmo,906
496906,North,Doohickey,740
496908,North,Gizmo,614
496923,North,Widget,814
496925,North,Gizmo,732
496946,North,Gadget,942
496954,North,Gizmo,674
496965,North,Widget,636
496972,North,Doohickey,999
496975,North,Doohickey,563
497015,North,Widget,712
497025,North,Gizmo,848
497033,North,Gizmo,898
497039,North,Gizmo,990
497044,North,Doohickey,768
497045,North,Gizmo,599
497048,North,Widget,521
497050,North,Gadget,787
497073,North,Doohickey,731
497082,North,Widget,872
497085,North,Gadget,901
497093,North,Widget,571
497100,North,Doohickey,707
497104,North,Gadget,604
497116,North,Gizmo,528
497129,North,Widget,973
497138,North,Gadget,737
497140,North,Doohickey,707
497146,North,Gadget,770
497147,North,Doohickey,808
497149,North,Doohickey,682
497175,North,Doohickey,902
497182,North,Doohickey,958
497186,North,Doohickey,538
497193,North,Doohickey,953
497217,North,Widget,597
497242,North,Gadget,903
497243,North,Gadget,832
497249,North,Gizmo,611
497258,North,Gizmo,861
497273,North,Gadget,625
497291,North,Gadget,842
497293,North,Doohickey,925
497296,North,Gizmo,749
497298,North,Gadget,883
497313,North,Doohickey,653
497315,North,Gizmo,504
497325,North,Gadget,533
497327,North,Doohickey,806
497335,North,Gadget,711
497336,North,Doohickey,761
497337,North,Doohickey,894
497342,North,Widget,968
497344,North,Widget,692
497349,North,Gizmo,644
497357,North,Gadget,813
497358,North,Gadget,813
497370,North,Doohickey,644
497386,North,Widget,939
497391,North,Gadget,993
497416,North,Doohickey,865
497420,North,Gizmo,797
497421,North,Widget,811
497436,North,Gizmo,775
497438,North,Widget,534
497439,North,Doohickey,591
497445,North,Gizmo,552
497449,North,Gizmo,509
497451,North,Gadget,534
497456,North,Doohickey,915
497469,North,Widget,615
497479,North,Gadget,805
497488,North,Doohickey,877
497489,North,Widget,697
497500,North,Gizmo,797
497521,North,Gadget,625
497523,North,Gizmo,896
497525,North,Widget,582
497526,North,Doohickey,657
497542,North,Gizmo,917
497565,North,Gizmo,840
497570,North,Doohickey,996
497574,North,Gadget,817
497580,North,Gadget,869
497601,North,Gadget,819
497606,North,Gizmo,798
497608,North,Gizmo,505
497610,North,Doohickey,692
497616,North,Gizmo,842
497630,North,Widget,947
497632,North,Gadget,561
497652,North,Widget,786
497655,North,Gizmo,900
497657,North,Gadget,579
497662,North,Gizmo,906
497663,North,Doohickey,741
497675,North,Widget,708
497681,North,Doohickey,956
497682,North,Gizmo,619
497685,North,Gadget,977
497690,North,Doohickey,830
497694,North,Doohickey,548
497698,North,Doohickey,971
497711,North,Widget,743
497715,North,Widget,748
497724,North,Widget,526
497727,North,Doohickey,884
497740,North,Doohickey,783
497763,North,Doohickey,562
497765,North,Doohickey,873
497786,North,Gizmo,884
497789,North,Gadget,856
497793,North,Gadget,986
497803,North,Widget,672
497810,North,Widget,903
497846,North,Gizmo,861
497848,North,Gadget,605
497853,North,Widget,940
497861,North,Widget,863
497862,North,Gadget,981
497863,North,Widget,956
497878,North,Widget,746
497890,North,Widget,591
497897,North,Widget,956
497904,North,Gadget,645
497919,North,Widget,760
497944,North,Doohickey,560
497948,North,Doohickey,946
497966,North,Widget,543
497974,North,Gizmo,944
497980,North,Doohickey,739
497983,North,Gizmo,664
497988,North,Gizmo,790
498008,North,Gadget,723
498011,North,Doohickey,982
498014,North,Widget,915
498017,North,Doohickey,778
498026,North,Widget,974
498034,North,Doohickey,504
498035,North,Gadget,522
498059,North,Widget,918
498062,North,Widget,544
498064,North,Doohickey,533
498069,North,Gadget,687
498071,North,Doohickey,810
498074,North,Widget,939
498078,North,Gizmo,626
498084,North,Widget,719
498085,North,Gadget,747
498091,North,Doohickey,666
498093,North,Widget,759
498095,North,Doohickey,546
498097,North,Doohickey,576
498099,North,Widget,898
498101,North,Gadget,799
498102,North,Gizmo,719
498114,North,Gizmo,504
498126,North,Doohickey,880
498137,North,Gadget,823
498143,North,Widget,581
498151,North,Gizmo,961
498156,North,Widget,961
498157,North,Doohickey,919
498170,North,Gadget,783
498186,North,Gizmo,982
498194,North,Widget,591
498200,North,Doohickey,852
498206,North,Widget,846
498208,North,Widget,668
498209,North,Doohickey,726
498216,North,Gadget,532
498231,North,Gizmo,774
498248,North,Gizmo,669
498258,North,Doohickey,966
498260,North,Gadget,901
498274,North,Gizmo,795
498309,North,Gizmo,974
498318,North,Gadget,620
498336,North,Widget,737
498360,North,Gadget,924
498386,North,Doohickey,575
498389,North,Gadget,994
498393,North,Doohickey,777
498396,North,Widget,933
498401,North,Gadget,511
498409,North,Gizmo,963
498412,North,Gadget,762
498415,North,Widget,764
498416,North,Gadget,743
498419,North,Gadget,847
498420,North,Gizmo,893
498422,North,Doohickey,977
498426,North,Doohickey,877
498431,North,Gizmo,899
498436,North,Widget,650
498438,North,Gadget,935
498471,North,Gizmo,610
498487,North,Doohickey,551
498497,North,Gizmo,852
498508,North,Widget,690
498518,North,Widget,790
498521,North,Widget,521
498527,North,Gadget,856
498529,North,Gadget,894
498531,North,Gadget,886
498534,North,Gadget,748
498535,North,Gadget,562
498544,North,Widget,575
498548,North,Doohickey,571
498549,North,Doohickey,921
498563,North,Gadget,923
498570,North,Doohickey,503
498580,North,Gizmo,566
498582,North,Widget,934
498609,North,Gizmo,797
498611,North,Widget,880
498614,North,Gadget,564
498633,North,Widget,613
498636,North,Gadget,963
498669,North,Gizmo,890
498681,North,Gizmo,833
498684,North,Gizmo,521
498694,North,Doohickey,822
498695,North,Gizmo,810
498696,North,Gadget,718
498724,North,Gadget,955
498737,North,Gizmo,774
498739,North,Gizmo,859
498741,North,Gadget,653
498756,North,Gadget,844
498762,North,Doohickey,856
498765,North,Widget,717
498773,North,Doohickey,928
498776,North,Gadget,891
498781,North,Gizmo,880
498791,North,Gadget,858
498794,North,Gadget,729
498806,North,Widget,553
498825,North,Widget,864
498833,North,Gizmo,999
498835,North,Doohickey,639
498844,North,Doohickey,982
498850,North,Gizmo,642
498855,North,Gadget,814
498857,North,Doohickey,795
498874,North,Widget,566
498878,North,Gadget,547
498885,North,Widget,844
498888,North,Widget,577
498893,North,Gadget,825
498894,North,Doohickey,805
498909,North,Gadget,699
498911,North,Widget,913
498944,North,Gizmo,836
498948,North,Widget,690
498951,North,Widget,615
498963,North,Gadget,706
498974,North,Doohickey,633
499012,North,Doohickey,827
499032,North,Gadget,584
499039,North,Gizmo,894
499045,North,Gizmo,653
499088,North,Gizmo,535
499110,North,Widget,953
499114,North,Widget,780
499115,North,Gadget,674
499118,North,Doohickey,709
499126,North,Doohickey,671
499132,North,Doohickey,835
499141,North,Doohickey,504
499150,North,Doohickey,850
499156,North,Gadget,641
499163,North,Gizmo,570
499167,North,Gizmo,636
499179,North,Gizmo,985
499183,North,Gadget,685
499189,North,Doohickey,961
499203,North,Doohickey,927
499213,North,Widget,949
499216,North,Widget,679
499241,North,Gadget,961
499242,North,Gadget,556
499246,North,Doohickey,642
499253,North,Doohickey,939
499267,North,Gadget,665
499280,North,Gadget,952
499299,North,Widget,520
499300,North,Widget,680
499317,North,Gadget,625
499320,North,Widget,605
499324,North,Doohickey,846
499330,North,Widget,894
499333,North,Gadget,924
499336,North,Widget,794
499337,North,Doohickey,665
499339,North,Gadget,625
499340,North,Gizmo,649
499342,North,Doohickey,544
499350,North,Gadget,827
499353,North,Widget,861
499354,North,Gizmo,524
499357,North,Gizmo,988
499359,North,Doohickey,921
499373,North,Gizmo,555
499379,North,Doohickey,610
499382,North,Gizmo,794
499403,North,Doohickey,757
499420,North,Widget,559
499421,North,Doohickey,505
499426,North,Doohickey,681
499438,North,Doohickey,824
499454,North,Doohickey,558
499462,North,Gizmo,816
499464,North,Gizmo,868
499470,North,Gizmo,533
499471,North,Gizmo,671
499473,North,Gizmo,593
499481,North,Gadget,869
499484,North,Widget,678
499492,North,Gizmo,601
499515,North,Doohickey,569
499540,North,Widget,584
499543,North,Widget,519
499547,North,Gizmo,756
499559,North,Doohickey,680
499560,North,Gizmo,556
499563,North,Gizmo,911
499565,North,Gadget,846
499566,North,Gadget,973
499583,North,Gizmo,652
499609,North,Gizmo,765
499611,North,Doohickey,562
499619,North,Widget,541
499626,North,Widget,796
499633,North,Gadget,981
499645,North,Gizmo,670
499646,North,Widget,636
499647,North,Widget,505
499648,North,Gizmo,906
499661,North,Gadget,958
499669,North,Gizmo,512
499672,North,Doohickey,764
499675,North,Gadget,802
499681,North,Doohickey,797
499684,North,Doohickey,515
499689,North,Gizmo,864
499691,North,Widget,813
499692,North,Gadget,876
499699,North,Widget,592
499701,North,Gizmo,711
499703,North,Gadget,586
499708,North,Doohickey,669
499711,North,Doohickey,982
499720,North,Widget,781
499722,North,Gizmo,956
499723,North,Gadget,679
499754,North,Gadget,775
499780,North,Widget,615
499801,North,Gizmo,814
499811,North,Gizmo,872
499817,North,Gizmo,947
499825,North,Gizmo,963
499830,North,Doohickey,771
499839,North,Doohickey,803
499840,North,Widget,798
499858,North,Gizmo,749
499878,North,Gadget,524
499903,North,Widget,939
499918,North,Widget,586
499940,North,Gizmo,908
499944,North,Gizmo,782
499945,North,Gadget,505
499956,North,Doohickey,501
499978,North,Doohickey,808
499994,North,Gadget,692
